2025-04-25T10:26:55.454+09:00  INFO 4812 --- [portforu] [main] o.pinggu.portforu.PortforuApplication    : Starting PortforuApplication using Java 17.0.13 with PID 4812 (/Users/t2023-m0111/IdeaProjects/portforu/build/classes/java/main started by t2023-m0111 in /Users/t2023-m0111/IdeaProjects/portforu)
2025-04-25T10:26:55.455+09:00  INFO 4812 --- [portforu] [main] o.pinggu.portforu.PortforuApplication    : The following 1 profile is active: "local"
2025-04-25T10:26:55.883+09:00  INFO 4812 --- [portforu] [main] .s.d.r.c.RepositoryConfigurationDelegate : Multiple Spring Data modules found, entering strict repository configuration mode
2025-04-25T10:26:55.884+09:00  INFO 4812 --- [portforu] [main] .s.d.r.c.RepositoryConfigurationDelegate : Bootstrapping Spring Data Elasticsearch repositories in DEFAULT mode.
2025-04-25T10:26:55.903+09:00  INFO 4812 --- [portforu] [main] .RepositoryConfigurationExtensionSupport : Spring Data Elasticsearch - Could not safely identify store assignment for repository candidate interface org.pinggu.portforu.domain.auth.repository.RefreshTokenRepository; If you want this repository to be a Elasticsearch repository, consider annotating your entities with one of these annotations: org.springframework.data.elasticsearch.annotations.Document (preferred), or consider extending one of the following types with your repository: org.springframework.data.elasticsearch.repository.ElasticsearchRepository
2025-04-25T10:26:55.905+09:00  INFO 4812 --- [portforu] [main] .RepositoryConfigurationExtensionSupport : Spring Data Elasticsearch - Could not safely identify store assignment for repository candidate interface org.pinggu.portforu.domain.comment.repository.CommentRepository; If you want this repository to be a Elasticsearch repository, consider annotating your entities with one of these annotations: org.springframework.data.elasticsearch.annotations.Document (preferred), or consider extending one of the following types with your repository: org.springframework.data.elasticsearch.repository.ElasticsearchRepository
2025-04-25T10:26:55.955+09:00  INFO 4812 --- [portforu] [main] .RepositoryConfigurationExtensionSupport : Spring Data Elasticsearch - Could not safely identify store assignment for repository candidate interface org.pinggu.portforu.domain.jobposting.repository.JobPostingRepository; If you want this repository to be a Elasticsearch repository, consider annotating your entities with one of these annotations: org.springframework.data.elasticsearch.annotations.Document (preferred), or consider extending one of the following types with your repository: org.springframework.data.elasticsearch.repository.ElasticsearchRepository
2025-04-25T10:26:55.955+09:00  INFO 4812 --- [portforu] [main] .RepositoryConfigurationExtensionSupport : Spring Data Elasticsearch - Could not safely identify store assignment for repository candidate interface org.pinggu.portforu.domain.member.repository.MemberRepository; If you want this repository to be a Elasticsearch repository, consider annotating your entities with one of these annotations: org.springframework.data.elasticsearch.annotations.Document (preferred), or consider extending one of the following types with your repository: org.springframework.data.elasticsearch.repository.ElasticsearchRepository
2025-04-25T10:26:55.956+09:00  INFO 4812 --- [portforu] [main] .RepositoryConfigurationExtensionSupport : Spring Data Elasticsearch - Could not safely identify store assignment for repository candidate interface org.pinggu.portforu.domain.membership.repository.MembershipRepository; If you want this repository to be a Elasticsearch repository, consider annotating your entities with one of these annotations: org.springframework.data.elasticsearch.annotations.Document (preferred), or consider extending one of the following types with your repository: org.springframework.data.elasticsearch.repository.ElasticsearchRepository
2025-04-25T10:26:55.956+09:00  INFO 4812 --- [portforu] [main] .RepositoryConfigurationExtensionSupport : Spring Data Elasticsearch - Could not safely identify store assignment for repository candidate interface org.pinggu.portforu.domain.payment.repository.PaymentRepository; If you want this repository to be a Elasticsearch repository, consider annotating your entities with one of these annotations: org.springframework.data.elasticsearch.annotations.Document (preferred), or consider extending one of the following types with your repository: org.springframework.data.elasticsearch.repository.ElasticsearchRepository
2025-04-25T10:26:55.957+09:00  INFO 4812 --- [portforu] [main] .RepositoryConfigurationExtensionSupport : Spring Data Elasticsearch - Could not safely identify store assignment for repository candidate interface org.pinggu.portforu.domain.portfolio.repository.PortfolioRepository; If you want this repository to be a Elasticsearch repository, consider annotating your entities with one of these annotations: org.springframework.data.elasticsearch.annotations.Document (preferred), or consider extending one of the following types with your repository: org.springframework.data.elasticsearch.repository.ElasticsearchRepository
2025-04-25T10:26:55.957+09:00  INFO 4812 --- [portforu] [main] .RepositoryConfigurationExtensionSupport : Spring Data Elasticsearch - Could not safely identify store assignment for repository candidate interface org.pinggu.portforu.domain.portfolio.repository.UploadedFileRepository; If you want this repository to be a Elasticsearch repository, consider annotating your entities with one of these annotations: org.springframework.data.elasticsearch.annotations.Document (preferred), or consider extending one of the following types with your repository: org.springframework.data.elasticsearch.repository.ElasticsearchRepository
2025-04-25T10:26:55.957+09:00  INFO 4812 --- [portforu] [main] .RepositoryConfigurationExtensionSupport : Spring Data Elasticsearch - Could not safely identify store assignment for repository candidate interface org.pinggu.portforu.domain.scrap.repository.ScrapRepository; If you want this repository to be a Elasticsearch repository, consider annotating your entities with one of these annotations: org.springframework.data.elasticsearch.annotations.Document (preferred), or consider extending one of the following types with your repository: org.springframework.data.elasticsearch.repository.ElasticsearchRepository
2025-04-25T10:26:55.958+09:00  INFO 4812 --- [portforu] [main] .RepositoryConfigurationExtensionSupport : Spring Data Elasticsearch - Could not safely identify store assignment for repository candidate interface org.pinggu.portforu.domain.subscribe.repository.SubscribeRepository; If you want this repository to be a Elasticsearch repository, consider annotating your entities with one of these annotations: org.springframework.data.elasticsearch.annotations.Document (preferred), or consider extending one of the following types with your repository: org.springframework.data.elasticsearch.repository.ElasticsearchRepository
2025-04-25T10:26:55.966+09:00  INFO 4812 --- [portforu] [main] .s.d.r.c.RepositoryConfigurationDelegate : Finished Spring Data repository scanning in 79 ms. Found 1 Elasticsearch repository interface.
2025-04-25T10:26:55.969+09:00  INFO 4812 --- [portforu] [main] .s.d.r.c.RepositoryConfigurationDelegate : Multiple Spring Data modules found, entering strict repository configuration mode
2025-04-25T10:26:55.969+09:00  INFO 4812 --- [portforu] [main] .s.d.r.c.RepositoryConfigurationDelegate : Bootstrapping Spring Data Reactive Elasticsearch repositories in DEFAULT mode.
2025-04-25T10:26:55.973+09:00  INFO 4812 --- [portforu] [main] .RepositoryConfigurationExtensionSupport : Spring Data Reactive Elasticsearch - Could not safely identify store assignment for repository candidate interface org.pinggu.portforu.domain.auth.repository.RefreshTokenRepository; If you want this repository to be a Reactive Elasticsearch repository, consider annotating your entities with one of these annotations: org.springframework.data.elasticsearch.annotations.Document (preferred), or consider extending one of the following types with your repository: org.springframework.data.elasticsearch.repository.ReactiveElasticsearchRepository
2025-04-25T10:26:55.974+09:00  INFO 4812 --- [portforu] [main] .RepositoryConfigurationExtensionSupport : Spring Data Reactive Elasticsearch - Could not safely identify store assignment for repository candidate interface org.pinggu.portforu.domain.comment.repository.CommentRepository; If you want this repository to be a Reactive Elasticsearch repository, consider annotating your entities with one of these annotations: org.springframework.data.elasticsearch.annotations.Document (preferred), or consider extending one of the following types with your repository: org.springframework.data.elasticsearch.repository.ReactiveElasticsearchRepository
2025-04-25T10:26:55.975+09:00  INFO 4812 --- [portforu] [main] .RepositoryConfigurationExtensionSupport : Spring Data Reactive Elasticsearch - Could not safely identify store assignment for repository candidate interface org.pinggu.portforu.domain.jobposting.repository.JobPostingRepository; If you want this repository to be a Reactive Elasticsearch repository, consider annotating your entities with one of these annotations: org.springframework.data.elasticsearch.annotations.Document (preferred), or consider extending one of the following types with your repository: org.springframework.data.elasticsearch.repository.ReactiveElasticsearchRepository
2025-04-25T10:26:55.975+09:00  INFO 4812 --- [portforu] [main] .RepositoryConfigurationExtensionSupport : Spring Data Reactive Elasticsearch - Could not safely identify store assignment for repository candidate interface org.pinggu.portforu.domain.member.repository.MemberRepository; If you want this repository to be a Reactive Elasticsearch repository, consider annotating your entities with one of these annotations: org.springframework.data.elasticsearch.annotations.Document (preferred), or consider extending one of the following types with your repository: org.springframework.data.elasticsearch.repository.ReactiveElasticsearchRepository
2025-04-25T10:26:55.975+09:00  INFO 4812 --- [portforu] [main] .RepositoryConfigurationExtensionSupport : Spring Data Reactive Elasticsearch - Could not safely identify store assignment for repository candidate interface org.pinggu.portforu.domain.membership.repository.MembershipRepository; If you want this repository to be a Reactive Elasticsearch repository, consider annotating your entities with one of these annotations: org.springframework.data.elasticsearch.annotations.Document (preferred), or consider extending one of the following types with your repository: org.springframework.data.elasticsearch.repository.ReactiveElasticsearchRepository
2025-04-25T10:26:55.975+09:00  INFO 4812 --- [portforu] [main] .RepositoryConfigurationExtensionSupport : Spring Data Reactive Elasticsearch - Could not safely identify store assignment for repository candidate interface org.pinggu.portforu.domain.payment.repository.PaymentRepository; If you want this repository to be a Reactive Elasticsearch repository, consider annotating your entities with one of these annotations: org.springframework.data.elasticsearch.annotations.Document (preferred), or consider extending one of the following types with your repository: org.springframework.data.elasticsearch.repository.ReactiveElasticsearchRepository
2025-04-25T10:26:55.975+09:00  INFO 4812 --- [portforu] [main] .RepositoryConfigurationExtensionSupport : Spring Data Reactive Elasticsearch - Could not safely identify store assignment for repository candidate interface org.pinggu.portforu.domain.portfolio.repository.PortfolioRepository; If you want this repository to be a Reactive Elasticsearch repository, consider annotating your entities with one of these annotations: org.springframework.data.elasticsearch.annotations.Document (preferred), or consider extending one of the following types with your repository: org.springframework.data.elasticsearch.repository.ReactiveElasticsearchRepository
2025-04-25T10:26:55.975+09:00  INFO 4812 --- [portforu] [main] .RepositoryConfigurationExtensionSupport : Spring Data Reactive Elasticsearch - Could not safely identify store assignment for repository candidate interface org.pinggu.portforu.domain.portfolio.repository.UploadedFileRepository; If you want this repository to be a Reactive Elasticsearch repository, consider annotating your entities with one of these annotations: org.springframework.data.elasticsearch.annotations.Document (preferred), or consider extending one of the following types with your repository: org.springframework.data.elasticsearch.repository.ReactiveElasticsearchRepository
2025-04-25T10:26:55.975+09:00  INFO 4812 --- [portforu] [main] .RepositoryConfigurationExtensionSupport : Spring Data Reactive Elasticsearch - Could not safely identify store assignment for repository candidate interface org.pinggu.portforu.domain.scrap.repository.ScrapRepository; If you want this repository to be a Reactive Elasticsearch repository, consider annotating your entities with one of these annotations: org.springframework.data.elasticsearch.annotations.Document (preferred), or consider extending one of the following types with your repository: org.springframework.data.elasticsearch.repository.ReactiveElasticsearchRepository
2025-04-25T10:26:55.976+09:00  INFO 4812 --- [portforu] [main] .RepositoryConfigurationExtensionSupport : Spring Data Reactive Elasticsearch - Could not safely identify store assignment for repository candidate interface org.pinggu.portforu.domain.subscribe.repository.SubscribeRepository; If you want this repository to be a Reactive Elasticsearch repository, consider annotating your entities with one of these annotations: org.springframework.data.elasticsearch.annotations.Document (preferred), or consider extending one of the following types with your repository: org.springframework.data.elasticsearch.repository.ReactiveElasticsearchRepository
2025-04-25T10:26:55.976+09:00  INFO 4812 --- [portforu] [main] .s.d.r.c.RepositoryConfigurationDelegate : Finished Spring Data repository scanning in 6 ms. Found 0 Reactive Elasticsearch repository interfaces.
2025-04-25T10:26:55.979+09:00  INFO 4812 --- [portforu] [main] .s.d.r.c.RepositoryConfigurationDelegate : Multiple Spring Data modules found, entering strict repository configuration mode
2025-04-25T10:26:55.980+09:00  INFO 4812 --- [portforu] [main] .s.d.r.c.RepositoryConfigurationDelegate : Bootstrapping Spring Data JPA repositories in DEFAULT mode.
2025-04-25T10:26:55.987+09:00  INFO 4812 --- [portforu] [main] .RepositoryConfigurationExtensionSupport : Spring Data JPA - Could not safely identify store assignment for repository candidate interface org.pinggu.portforu.domain.jobposting.elastic.repository.JobPostingSearchRepository; If you want this repository to be a JPA repository, consider annotating your entities with one of these annotations: jakarta.persistence.Entity, jakarta.persistence.MappedSuperclass (preferred), or consider extending one of the following types with your repository: org.springframework.data.jpa.repository.JpaRepository
2025-04-25T10:26:55.995+09:00  INFO 4812 --- [portforu] [main] .s.d.r.c.RepositoryConfigurationDelegate : Finished Spring Data repository scanning in 12 ms. Found 10 JPA repository interfaces.
2025-04-25T10:26:56.002+09:00  INFO 4812 --- [portforu] [main] .s.d.r.c.RepositoryConfigurationDelegate : Multiple Spring Data modules found, entering strict repository configuration mode
2025-04-25T10:26:56.003+09:00  INFO 4812 --- [portforu] [main] .s.d.r.c.RepositoryConfigurationDelegate : Bootstrapping Spring Data Redis repositories in DEFAULT mode.
2025-04-25T10:26:56.010+09:00  INFO 4812 --- [portforu] [main] .RepositoryConfigurationExtensionSupport : Spring Data Redis - Could not safely identify store assignment for repository candidate interface org.pinggu.portforu.domain.auth.repository.RefreshTokenRepository; If you want this repository to be a Redis repository, consider annotating your entities with one of these annotations: org.springframework.data.redis.core.RedisHash (preferred), or consider extending one of the following types with your repository: org.springframework.data.keyvalue.repository.KeyValueRepository
2025-04-25T10:26:56.010+09:00  INFO 4812 --- [portforu] [main] .RepositoryConfigurationExtensionSupport : Spring Data Redis - Could not safely identify store assignment for repository candidate interface org.pinggu.portforu.domain.comment.repository.CommentRepository; If you want this repository to be a Redis repository, consider annotating your entities with one of these annotations: org.springframework.data.redis.core.RedisHash (preferred), or consider extending one of the following types with your repository: org.springframework.data.keyvalue.repository.KeyValueRepository
2025-04-25T10:26:56.010+09:00  INFO 4812 --- [portforu] [main] .RepositoryConfigurationExtensionSupport : Spring Data Redis - Could not safely identify store assignment for repository candidate interface org.pinggu.portforu.domain.jobposting.elastic.repository.JobPostingSearchRepository; If you want this repository to be a Redis repository, consider annotating your entities with one of these annotations: org.springframework.data.redis.core.RedisHash (preferred), or consider extending one of the following types with your repository: org.springframework.data.keyvalue.repository.KeyValueRepository
2025-04-25T10:26:56.011+09:00  INFO 4812 --- [portforu] [main] .RepositoryConfigurationExtensionSupport : Spring Data Redis - Could not safely identify store assignment for repository candidate interface org.pinggu.portforu.domain.jobposting.repository.JobPostingRepository; If you want this repository to be a Redis repository, consider annotating your entities with one of these annotations: org.springframework.data.redis.core.RedisHash (preferred), or consider extending one of the following types with your repository: org.springframework.data.keyvalue.repository.KeyValueRepository
2025-04-25T10:26:56.011+09:00  INFO 4812 --- [portforu] [main] .RepositoryConfigurationExtensionSupport : Spring Data Redis - Could not safely identify store assignment for repository candidate interface org.pinggu.portforu.domain.member.repository.MemberRepository; If you want this repository to be a Redis repository, consider annotating your entities with one of these annotations: org.springframework.data.redis.core.RedisHash (preferred), or consider extending one of the following types with your repository: org.springframework.data.keyvalue.repository.KeyValueRepository
2025-04-25T10:26:56.011+09:00  INFO 4812 --- [portforu] [main] .RepositoryConfigurationExtensionSupport : Spring Data Redis - Could not safely identify store assignment for repository candidate interface org.pinggu.portforu.domain.membership.repository.MembershipRepository; If you want this repository to be a Redis repository, consider annotating your entities with one of these annotations: org.springframework.data.redis.core.RedisHash (preferred), or consider extending one of the following types with your repository: org.springframework.data.keyvalue.repository.KeyValueRepository
2025-04-25T10:26:56.011+09:00  INFO 4812 --- [portforu] [main] .RepositoryConfigurationExtensionSupport : Spring Data Redis - Could not safely identify store assignment for repository candidate interface org.pinggu.portforu.domain.payment.repository.PaymentRepository; If you want this repository to be a Redis repository, consider annotating your entities with one of these annotations: org.springframework.data.redis.core.RedisHash (preferred), or consider extending one of the following types with your repository: org.springframework.data.keyvalue.repository.KeyValueRepository
2025-04-25T10:26:56.011+09:00  INFO 4812 --- [portforu] [main] .RepositoryConfigurationExtensionSupport : Spring Data Redis - Could not safely identify store assignment for repository candidate interface org.pinggu.portforu.domain.portfolio.repository.PortfolioRepository; If you want this repository to be a Redis repository, consider annotating your entities with one of these annotations: org.springframework.data.redis.core.RedisHash (preferred), or consider extending one of the following types with your repository: org.springframework.data.keyvalue.repository.KeyValueRepository
2025-04-25T10:26:56.011+09:00  INFO 4812 --- [portforu] [main] .RepositoryConfigurationExtensionSupport : Spring Data Redis - Could not safely identify store assignment for repository candidate interface org.pinggu.portforu.domain.portfolio.repository.UploadedFileRepository; If you want this repository to be a Redis repository, consider annotating your entities with one of these annotations: org.springframework.data.redis.core.RedisHash (preferred), or consider extending one of the following types with your repository: org.springframework.data.keyvalue.repository.KeyValueRepository
2025-04-25T10:26:56.011+09:00  INFO 4812 --- [portforu] [main] .RepositoryConfigurationExtensionSupport : Spring Data Redis - Could not safely identify store assignment for repository candidate interface org.pinggu.portforu.domain.scrap.repository.ScrapRepository; If you want this repository to be a Redis repository, consider annotating your entities with one of these annotations: org.springframework.data.redis.core.RedisHash (preferred), or consider extending one of the following types with your repository: org.springframework.data.keyvalue.repository.KeyValueRepository
2025-04-25T10:26:56.011+09:00  INFO 4812 --- [portforu] [main] .RepositoryConfigurationExtensionSupport : Spring Data Redis - Could not safely identify store assignment for repository candidate interface org.pinggu.portforu.domain.subscribe.repository.SubscribeRepository; If you want this repository to be a Redis repository, consider annotating your entities with one of these annotations: org.springframework.data.redis.core.RedisHash (preferred), or consider extending one of the following types with your repository: org.springframework.data.keyvalue.repository.KeyValueRepository
2025-04-25T10:26:56.011+09:00  INFO 4812 --- [portforu] [main] .s.d.r.c.RepositoryConfigurationDelegate : Finished Spring Data repository scanning in 4 ms. Found 0 Redis repository interfaces.
2025-04-25T10:26:56.382+09:00  INFO 4812 --- [portforu] [main] o.s.b.w.embedded.tomcat.TomcatWebServer  : Tomcat initialized with port 8080 (http)
2025-04-25T10:26:56.389+09:00  INFO 4812 --- [portforu] [main] o.apache.catalina.core.StandardService   : Starting service [Tomcat]
2025-04-25T10:26:56.389+09:00  INFO 4812 --- [portforu] [main] o.apache.catalina.core.StandardEngine    : Starting Servlet engine: [Apache Tomcat/10.1.39]
2025-04-25T10:26:56.410+09:00  INFO 4812 --- [portforu] [main] o.a.c.c.C.[Tomcat].[localhost].[/]       : Initializing Spring embedded WebApplicationContext
2025-04-25T10:26:56.410+09:00  INFO 4812 --- [portforu] [main] w.s.c.ServletWebServerApplicationContext : Root WebApplicationContext: initialization completed in 938 ms
2025-04-25T10:26:56.495+09:00  INFO 4812 --- [portforu] [main] o.hibernate.jpa.internal.util.LogHelper  : HHH000204: Processing PersistenceUnitInfo [name: default]
2025-04-25T10:26:56.527+09:00  INFO 4812 --- [portforu] [main] org.hibernate.Version                    : HHH000412: Hibernate ORM core version 6.6.11.Final
2025-04-25T10:26:56.545+09:00  INFO 4812 --- [portforu] [main] o.h.c.internal.RegionFactoryInitiator    : HHH000026: Second-level cache disabled
2025-04-25T10:26:56.699+09:00  INFO 4812 --- [portforu] [main] o.s.o.j.p.SpringPersistenceUnitInfo      : No LoadTimeWeaver setup: ignoring JPA class transformer
2025-04-25T10:26:56.714+09:00  INFO 4812 --- [portforu] [main] com.zaxxer.hikari.HikariDataSource       : HikariPool-1 - Starting...
2025-04-25T10:26:56.858+09:00  INFO 4812 --- [portforu] [main] com.zaxxer.hikari.pool.HikariPool        : HikariPool-1 - Added connection com.mysql.cj.jdbc.ConnectionImpl@6c8d638a
2025-04-25T10:26:56.859+09:00  INFO 4812 --- [portforu] [main] com.zaxxer.hikari.HikariDataSource       : HikariPool-1 - Start completed.
2025-04-25T10:26:56.910+09:00  INFO 4812 --- [portforu] [main] org.hibernate.orm.connections.pooling    : HHH10001005: Database info:
	Database JDBC URL [Connecting through datasource 'HikariDataSource (HikariPool-1)']
	Database driver: undefined/unknown
	Database version: 9.2
	Autocommit mode: undefined/unknown
	Isolation level: undefined/unknown
	Minimum pool size: undefined/unknown
	Maximum pool size: undefined/unknown
2025-04-25T10:26:57.389+09:00  INFO 4812 --- [portforu] [main] o.h.e.t.j.p.i.JtaPlatformInitiator       : HHH000489: No JTA platform available (set 'hibernate.transaction.jta.platform' to enable JTA platform integration)
2025-04-25T10:26:57.411+09:00 DEBUG 4812 --- [portforu] [main] org.hibernate.SQL                        : 
    create table comments (
        id bigint not null auto_increment,
        created_at datetime(6),
        is_deleted bit not null,
        updated_at datetime(6),
        content varchar(255) not null,
        member_id bigint not null,
        portfolio_id bigint not null,
        primary key (id)
    ) engine=InnoDB
2025-04-25T10:26:57.420+09:00 DEBUG 4812 --- [portforu] [main] org.hibernate.SQL                        : 
    create table job_postings (
        id bigint not null auto_increment,
        created_at datetime(6),
        is_deleted bit not null,
        updated_at datetime(6),
        company varchar(255) not null,
        duty varchar(255) not null,
        education_level varchar(255) not null,
        employment_type varchar(255) not null,
        experience_years varchar(255) not null,
        hiring_end_at datetime(6),
        hiring_start_at datetime(6),
        key_abilities varchar(255) not null,
        link varchar(255) not null,
        location varchar(255) not null,
        max_experience_years integer,
        min_experience_years integer,
        salary varchar(255) not null,
        skills varchar(255),
        title varchar(255) not null,
        primary key (id)
    ) engine=InnoDB
2025-04-25T10:26:57.431+09:00 DEBUG 4812 --- [portforu] [main] org.hibernate.SQL                        : 
    create table members (
        id bigint not null auto_increment,
        created_at datetime(6),
        is_deleted bit not null,
        updated_at datetime(6),
        address varchar(255) not null,
        email varchar(100) not null,
        name varchar(50) not null,
        password varchar(60) not null,
        phone_number varchar(30) not null,
        provider varchar(255),
        user_role enum ('ROLE_ADMIN','ROLE_USER') not null,
        view_count integer not null,
        primary key (id)
    ) engine=InnoDB
2025-04-25T10:26:57.437+09:00 DEBUG 4812 --- [portforu] [main] org.hibernate.SQL                        : 
    create table memberships (
        id bigint not null auto_increment,
        created_at datetime(6),
        is_deleted bit not null,
        updated_at datetime(6),
        name varchar(50) not null,
        price integer not null,
        quantity integer not null,
        year integer not null,
        primary key (id)
    ) engine=InnoDB
2025-04-25T10:26:57.440+09:00 DEBUG 4812 --- [portforu] [main] org.hibernate.SQL                        : 
    create table payments (
        id bigint not null auto_increment,
        created_at datetime(6),
        is_deleted bit not null,
        updated_at datetime(6),
        payment_key varchar(255),
        payment_method enum ('ACCOUNT_TRANSFER','BOOK_GIFT','CARD','CULTURE_GIFT','GAME_GIFT','MOBILE_PHONE','TOSS_PAY','UNKNOWN','VIRTUAL_ACCOUNT'),
        status enum ('CANCELED','COMPLETED','EXPIRED','FAILED','PENDING'),
        subscribe_id bigint not null,
        primary key (id)
    ) engine=InnoDB
2025-04-25T10:26:57.444+09:00 DEBUG 4812 --- [portforu] [main] org.hibernate.SQL                        : 
    create table portfolios (
        id bigint not null auto_increment,
        created_at datetime(6),
        is_deleted bit not null,
        updated_at datetime(6),
        description TEXT not null,
        file_url varchar(500),
        title varchar(50) not null,
        views integer not null,
        member_id bigint not null,
        primary key (id)
    ) engine=InnoDB
2025-04-25T10:26:57.447+09:00 DEBUG 4812 --- [portforu] [main] org.hibernate.SQL                        : 
    create table refresh_token (
        member_id bigint not null,
        token varchar(512) not null,
        primary key (member_id)
    ) engine=InnoDB
2025-04-25T10:26:57.449+09:00 DEBUG 4812 --- [portforu] [main] org.hibernate.SQL                        : 
    create table scraps (
        id bigint not null auto_increment,
        created_at datetime(6),
        is_deleted bit not null,
        updated_at datetime(6),
        job_posting_id bigint not null,
        member_id bigint not null,
        primary key (id)
    ) engine=InnoDB
2025-04-25T10:26:57.453+09:00 DEBUG 4812 --- [portforu] [main] org.hibernate.SQL                        : 
    create table subscribes (
        id bigint not null auto_increment,
        created_at datetime(6),
        is_deleted bit not null,
        updated_at datetime(6),
        end_date datetime(6) not null,
        start_date datetime(6) not null,
        status enum ('ACTIVE','CANCELED','EXPIRED','FAILED','PENDING') not null,
        member_id bigint not null,
        membership_id bigint not null,
        primary key (id)
    ) engine=InnoDB
2025-04-25T10:26:57.456+09:00 DEBUG 4812 --- [portforu] [main] org.hibernate.SQL                        : 
    create table uploaded_file (
        id bigint not null auto_increment,
        created_at datetime(6),
        file_url varchar(255),
        used bit not null,
        primary key (id)
    ) engine=InnoDB
2025-04-25T10:26:57.459+09:00 DEBUG 4812 --- [portforu] [main] org.hibernate.SQL                        : 
    alter table job_postings 
       drop index UKrctqiu9lyyeym768nw1b25ic7
2025-04-25T10:26:57.466+09:00 DEBUG 4812 --- [portforu] [main] org.hibernate.SQL                        : 
    alter table job_postings 
       add constraint UKrctqiu9lyyeym768nw1b25ic7 unique (link)
2025-04-25T10:26:57.472+09:00 DEBUG 4812 --- [portforu] [main] org.hibernate.SQL                        : 
    alter table members 
       drop index UK9d30a9u1qpg8eou0otgkwrp5d
2025-04-25T10:26:57.473+09:00 DEBUG 4812 --- [portforu] [main] org.hibernate.SQL                        : 
    alter table members 
       add constraint UK9d30a9u1qpg8eou0otgkwrp5d unique (email)
2025-04-25T10:26:57.476+09:00 DEBUG 4812 --- [portforu] [main] org.hibernate.SQL                        : 
    alter table payments 
       drop index UKt2i4hg2yv378mnognr5r20ukw
2025-04-25T10:26:57.477+09:00 DEBUG 4812 --- [portforu] [main] org.hibernate.SQL                        : 
    alter table payments 
       add constraint UKt2i4hg2yv378mnognr5r20ukw unique (subscribe_id)
2025-04-25T10:26:57.480+09:00 DEBUG 4812 --- [portforu] [main] org.hibernate.SQL                        : 
    alter table comments 
       add constraint FKkv22t54g17a6hvj7hbn6byh5s 
       foreign key (member_id) 
       references members (id)
2025-04-25T10:26:57.488+09:00 DEBUG 4812 --- [portforu] [main] org.hibernate.SQL                        : 
    alter table comments 
       add constraint FK5cwxj0hna6dqmgdwwh8jsncln 
       foreign key (portfolio_id) 
       references portfolios (id)
2025-04-25T10:26:57.496+09:00 DEBUG 4812 --- [portforu] [main] org.hibernate.SQL                        : 
    alter table payments 
       add constraint FKb1214sjecn8nd2f1b0shp3lpo 
       foreign key (subscribe_id) 
       references subscribes (id)
2025-04-25T10:26:57.504+09:00 DEBUG 4812 --- [portforu] [main] org.hibernate.SQL                        : 
    alter table portfolios 
       add constraint FKonyc71oyvfe6f7u5ut93hwfbf 
       foreign key (member_id) 
       references members (id)
2025-04-25T10:26:57.513+09:00 DEBUG 4812 --- [portforu] [main] org.hibernate.SQL                        : 
    alter table scraps 
       add constraint FKmqtt9v6pl7qy7jglcin8bcmkm 
       foreign key (job_posting_id) 
       references job_postings (id)
2025-04-25T10:26:57.518+09:00 DEBUG 4812 --- [portforu] [main] org.hibernate.SQL                        : 
    alter table scraps 
       add constraint FKhe5gvk4bvdo4b68mtxueq0wot 
       foreign key (member_id) 
       references members (id)
2025-04-25T10:26:57.525+09:00 DEBUG 4812 --- [portforu] [main] org.hibernate.SQL                        : 
    alter table subscribes 
       add constraint FK1ll7f1tjs7lt3xiqfcbrfmdum 
       foreign key (member_id) 
       references members (id)
2025-04-25T10:26:57.532+09:00 DEBUG 4812 --- [portforu] [main] org.hibernate.SQL                        : 
    alter table subscribes 
       add constraint FKhnsopwrnsd8c21915rj71d2jx 
       foreign key (membership_id) 
       references memberships (id)
2025-04-25T10:26:57.542+09:00  INFO 4812 --- [portforu] [main] j.LocalContainerEntityManagerFactoryBean : Initialized JPA EntityManagerFactory for persistence unit 'default'
2025-04-25T10:26:57.760+09:00  INFO 4812 --- [portforu] [main] o.s.d.j.r.query.QueryEnhancerFactory     : Hibernate is in classpath; If applicable, HQL parser will be used.
2025-04-25T10:26:58.307+09:00  WARN 4812 --- [portforu] [main] ConfigServletWebServerApplicationContext : Exception encountered during context initialization - cancelling refresh attempt: org.springframework.beans.factory.UnsatisfiedDependencyException: Error creating bean with name 'jobPostingSearchServiceImpl' defined in file [/Users/t2023-m0111/IdeaProjects/portforu/build/classes/java/main/org/pinggu/portforu/domain/jobposting/elastic/service/JobPostingSearchServiceImpl.class]: Unsatisfied dependency expressed through constructor parameter 0: Error creating bean with name 'jobPostingSearchRepository' defined in org.pinggu.portforu.domain.jobposting.elastic.repository.JobPostingSearchRepository defined in @EnableElasticsearchRepositories declared on ElasticsearchRepositoriesRegistrar.EnableElasticsearchRepositoriesConfiguration: Failed to instantiate [org.springframework.data.elasticsearch.repository.support.SimpleElasticsearchRepository]: Constructor threw exception
2025-04-25T10:26:58.308+09:00  INFO 4812 --- [portforu] [main] j.LocalContainerEntityManagerFactoryBean : Closing JPA EntityManagerFactory for persistence unit 'default'
2025-04-25T10:26:58.309+09:00  INFO 4812 --- [portforu] [main] com.zaxxer.hikari.HikariDataSource       : HikariPool-1 - Shutdown initiated...
2025-04-25T10:26:58.312+09:00  INFO 4812 --- [portforu] [main] com.zaxxer.hikari.HikariDataSource       : HikariPool-1 - Shutdown completed.
2025-04-25T10:26:58.313+09:00  INFO 4812 --- [portforu] [main] o.apache.catalina.core.StandardService   : Stopping service [Tomcat]
2025-04-25T10:26:58.320+09:00  INFO 4812 --- [portforu] [main] .s.b.a.l.ConditionEvaluationReportLogger : 

Error starting ApplicationContext. To display the condition evaluation report re-run your application with 'debug' enabled.
2025-04-25T10:26:58.327+09:00 ERROR 4812 --- [portforu] [main] o.s.boot.SpringApplication               : Application run failed

org.springframework.beans.factory.UnsatisfiedDependencyException: Error creating bean with name 'jobPostingSearchServiceImpl' defined in file [/Users/t2023-m0111/IdeaProjects/portforu/build/classes/java/main/org/pinggu/portforu/domain/jobposting/elastic/service/JobPostingSearchServiceImpl.class]: Unsatisfied dependency expressed through constructor parameter 0: Error creating bean with name 'jobPostingSearchRepository' defined in org.pinggu.portforu.domain.jobposting.elastic.repository.JobPostingSearchRepository defined in @EnableElasticsearchRepositories declared on ElasticsearchRepositoriesRegistrar.EnableElasticsearchRepositoriesConfiguration: Failed to instantiate [org.springframework.data.elasticsearch.repository.support.SimpleElasticsearchRepository]: Constructor threw exception
	at org.springframework.beans.factory.support.ConstructorResolver.createArgumentArray(ConstructorResolver.java:804) ~[spring-beans-6.2.5.jar:6.2.5]
	at org.springframework.beans.factory.support.ConstructorResolver.autowireConstructor(ConstructorResolver.java:240) ~[spring-beans-6.2.5.jar:6.2.5]
	at org.springframework.beans.factory.support.AbstractAutowireCapableBeanFactory.autowireConstructor(AbstractAutowireCapableBeanFactory.java:1381) ~[spring-beans-6.2.5.jar:6.2.5]
	at org.springframework.beans.factory.support.AbstractAutowireCapableBeanFactory.createBeanInstance(AbstractAutowireCapableBeanFactory.java:1218) ~[spring-beans-6.2.5.jar:6.2.5]
	at org.springframework.beans.factory.support.AbstractAutowireCapableBeanFactory.doCreateBean(AbstractAutowireCapableBeanFactory.java:563) ~[spring-beans-6.2.5.jar:6.2.5]
	at org.springframework.beans.factory.support.AbstractAutowireCapableBeanFactory.createBean(AbstractAutowireCapableBeanFactory.java:523) ~[spring-beans-6.2.5.jar:6.2.5]
	at org.springframework.beans.factory.support.AbstractBeanFactory.lambda$doGetBean$0(AbstractBeanFactory.java:339) ~[spring-beans-6.2.5.jar:6.2.5]
	at org.springframework.beans.factory.support.DefaultSingletonBeanRegistry.getSingleton(DefaultSingletonBeanRegistry.java:347) ~[spring-beans-6.2.5.jar:6.2.5]
	at org.springframework.beans.factory.support.AbstractBeanFactory.doGetBean(AbstractBeanFactory.java:337) ~[spring-beans-6.2.5.jar:6.2.5]
	at org.springframework.beans.factory.support.AbstractBeanFactory.getBean(AbstractBeanFactory.java:202) ~[spring-beans-6.2.5.jar:6.2.5]
	at org.springframework.beans.factory.support.DefaultListableBeanFactory.instantiateSingleton(DefaultListableBeanFactory.java:1155) ~[spring-beans-6.2.5.jar:6.2.5]
	at org.springframework.beans.factory.support.DefaultListableBeanFactory.preInstantiateSingleton(DefaultListableBeanFactory.java:1121) ~[spring-beans-6.2.5.jar:6.2.5]
	at org.springframework.beans.factory.support.DefaultListableBeanFactory.preInstantiateSingletons(DefaultListableBeanFactory.java:1056) ~[spring-beans-6.2.5.jar:6.2.5]
	at org.springframework.context.support.AbstractApplicationContext.finishBeanFactoryInitialization(AbstractApplicationContext.java:987) ~[spring-context-6.2.5.jar:6.2.5]
	at org.springframework.context.support.AbstractApplicationContext.refresh(AbstractApplicationContext.java:627) ~[spring-context-6.2.5.jar:6.2.5]
	at org.springframework.boot.web.servlet.context.ServletWebServerApplicationContext.refresh(ServletWebServerApplicationContext.java:146) ~[spring-boot-3.4.4.jar:3.4.4]
	at org.springframework.boot.SpringApplication.refresh(SpringApplication.java:752) ~[spring-boot-3.4.4.jar:3.4.4]
	at org.springframework.boot.SpringApplication.refreshContext(SpringApplication.java:439) ~[spring-boot-3.4.4.jar:3.4.4]
	at org.springframework.boot.SpringApplication.run(SpringApplication.java:318) ~[spring-boot-3.4.4.jar:3.4.4]
	at org.springframework.boot.SpringApplication.run(SpringApplication.java:1361) ~[spring-boot-3.4.4.jar:3.4.4]
	at org.springframework.boot.SpringApplication.run(SpringApplication.java:1350) ~[spring-boot-3.4.4.jar:3.4.4]
	at org.pinggu.portforu.PortforuApplication.main(PortforuApplication.java:12) ~[main/:na]
Caused by: org.springframework.beans.factory.BeanCreationException: Error creating bean with name 'jobPostingSearchRepository' defined in org.pinggu.portforu.domain.jobposting.elastic.repository.JobPostingSearchRepository defined in @EnableElasticsearchRepositories declared on ElasticsearchRepositoriesRegistrar.EnableElasticsearchRepositoriesConfiguration: Failed to instantiate [org.springframework.data.elasticsearch.repository.support.SimpleElasticsearchRepository]: Constructor threw exception
	at org.springframework.beans.factory.support.AbstractAutowireCapableBeanFactory.initializeBean(AbstractAutowireCapableBeanFactory.java:1812) ~[spring-beans-6.2.5.jar:6.2.5]
	at org.springframework.beans.factory.support.AbstractAutowireCapableBeanFactory.doCreateBean(AbstractAutowireCapableBeanFactory.java:601) ~[spring-beans-6.2.5.jar:6.2.5]
	at org.springframework.beans.factory.support.AbstractAutowireCapableBeanFactory.createBean(AbstractAutowireCapableBeanFactory.java:523) ~[spring-beans-6.2.5.jar:6.2.5]
	at org.springframework.beans.factory.support.AbstractBeanFactory.lambda$doGetBean$0(AbstractBeanFactory.java:339) ~[spring-beans-6.2.5.jar:6.2.5]
	at org.springframework.beans.factory.support.DefaultSingletonBeanRegistry.getSingleton(DefaultSingletonBeanRegistry.java:347) ~[spring-beans-6.2.5.jar:6.2.5]
	at org.springframework.beans.factory.support.AbstractBeanFactory.doGetBean(AbstractBeanFactory.java:337) ~[spring-beans-6.2.5.jar:6.2.5]
	at org.springframework.beans.factory.support.AbstractBeanFactory.getBean(AbstractBeanFactory.java:202) ~[spring-beans-6.2.5.jar:6.2.5]
	at org.springframework.beans.factory.config.DependencyDescriptor.resolveCandidate(DependencyDescriptor.java:254) ~[spring-beans-6.2.5.jar:6.2.5]
	at org.springframework.beans.factory.support.DefaultListableBeanFactory.doResolveDependency(DefaultListableBeanFactory.java:1667) ~[spring-beans-6.2.5.jar:6.2.5]
	at org.springframework.beans.factory.support.DefaultListableBeanFactory.resolveDependency(DefaultListableBeanFactory.java:1555) ~[spring-beans-6.2.5.jar:6.2.5]
	at org.springframework.beans.factory.support.ConstructorResolver.resolveAutowiredArgument(ConstructorResolver.java:913) ~[spring-beans-6.2.5.jar:6.2.5]
	at org.springframework.beans.factory.support.ConstructorResolver.createArgumentArray(ConstructorResolver.java:791) ~[spring-beans-6.2.5.jar:6.2.5]
	... 21 common frames omitted
Caused by: org.springframework.beans.BeanInstantiationException: Failed to instantiate [org.springframework.data.elasticsearch.repository.support.SimpleElasticsearchRepository]: Constructor threw exception
	at org.springframework.beans.BeanUtils.instantiateClass(BeanUtils.java:222) ~[spring-beans-6.2.5.jar:6.2.5]
	at org.springframework.data.repository.core.support.RepositoryFactorySupport.lambda$instantiateClass$5(RepositoryFactorySupport.java:657) ~[spring-data-commons-3.4.4.jar:3.4.4]
	at java.base/java.util.Optional.map(Optional.java:260) ~[na:na]
	at org.springframework.data.repository.core.support.RepositoryFactorySupport.instantiateClass(RepositoryFactorySupport.java:657) ~[spring-data-commons-3.4.4.jar:3.4.4]
	at org.springframework.data.repository.core.support.RepositoryFactorySupport.getTargetRepositoryViaReflection(RepositoryFactorySupport.java:622) ~[spring-data-commons-3.4.4.jar:3.4.4]
	at org.springframework.data.elasticsearch.repository.support.ElasticsearchRepositoryFactory.getTargetRepository(ElasticsearchRepositoryFactory.java:80) ~[spring-data-elasticsearch-5.4.4.jar:5.4.4]
	at org.springframework.data.repository.core.support.RepositoryFactorySupport.getRepository(RepositoryFactorySupport.java:377) ~[spring-data-commons-3.4.4.jar:3.4.4]
	at org.springframework.data.repository.core.support.RepositoryFactoryBeanSupport.lambda$afterPropertiesSet$4(RepositoryFactoryBeanSupport.java:350) ~[spring-data-commons-3.4.4.jar:3.4.4]
	at org.springframework.data.util.Lazy.getNullable(Lazy.java:135) ~[spring-data-commons-3.4.4.jar:3.4.4]
	at org.springframework.data.util.Lazy.get(Lazy.java:113) ~[spring-data-commons-3.4.4.jar:3.4.4]
	at org.springframework.data.repository.core.support.RepositoryFactoryBeanSupport.afterPropertiesSet(RepositoryFactoryBeanSupport.java:356) ~[spring-data-commons-3.4.4.jar:3.4.4]
	at org.springframework.data.elasticsearch.repository.support.ElasticsearchRepositoryFactoryBean.afterPropertiesSet(ElasticsearchRepositoryFactoryBean.java:69) ~[spring-data-elasticsearch-5.4.4.jar:5.4.4]
	at org.springframework.beans.factory.support.AbstractAutowireCapableBeanFactory.invokeInitMethods(AbstractAutowireCapableBeanFactory.java:1859) ~[spring-beans-6.2.5.jar:6.2.5]
	at org.springframework.beans.factory.support.AbstractAutowireCapableBeanFactory.initializeBean(AbstractAutowireCapableBeanFactory.java:1808) ~[spring-beans-6.2.5.jar:6.2.5]
	... 32 common frames omitted
Caused by: org.springframework.dao.DataAccessResourceFailureException: Connection refused
	at org.springframework.data.elasticsearch.client.elc.ElasticsearchExceptionTranslator.translateExceptionIfPossible(ElasticsearchExceptionTranslator.java:111) ~[spring-data-elasticsearch-5.4.4.jar:5.4.4]
	at org.springframework.data.elasticsearch.client.elc.ElasticsearchExceptionTranslator.translateException(ElasticsearchExceptionTranslator.java:65) ~[spring-data-elasticsearch-5.4.4.jar:5.4.4]
	at org.springframework.data.elasticsearch.client.elc.ChildTemplate.execute(ChildTemplate.java:73) ~[spring-data-elasticsearch-5.4.4.jar:5.4.4]
	at org.springframework.data.elasticsearch.client.elc.IndicesTemplate.doExists(IndicesTemplate.java:179) ~[spring-data-elasticsearch-5.4.4.jar:5.4.4]
	at org.springframework.data.elasticsearch.client.elc.IndicesTemplate.exists(IndicesTemplate.java:171) ~[spring-data-elasticsearch-5.4.4.jar:5.4.4]
	at org.springframework.data.elasticsearch.repository.support.SimpleElasticsearchRepository.createIndexAndMappingIfNeeded(SimpleElasticsearchRepository.java:93) ~[spring-data-elasticsearch-5.4.4.jar:5.4.4]
	at org.springframework.data.elasticsearch.repository.support.SimpleElasticsearchRepository.<init>(SimpleElasticsearchRepository.java:87) ~[spring-data-elasticsearch-5.4.4.jar:5.4.4]
	at java.base/jdk.internal.reflect.NativeConstructorAccessorImpl.newInstance0(Native Method) ~[na:na]
	at java.base/jdk.internal.reflect.NativeConstructorAccessorImpl.newInstance(NativeConstructorAccessorImpl.java:77) ~[na:na]
	at java.base/jdk.internal.reflect.DelegatingConstructorAccessorImpl.newInstance(DelegatingConstructorAccessorImpl.java:45) ~[na:na]
	at java.base/java.lang.reflect.Constructor.newInstanceWithCaller(Constructor.java:500) ~[na:na]
	at java.base/java.lang.reflect.Constructor.newInstance(Constructor.java:481) ~[na:na]
	at org.springframework.beans.BeanUtils.instantiateClass(BeanUtils.java:209) ~[spring-beans-6.2.5.jar:6.2.5]
	... 45 common frames omitted
Caused by: java.lang.RuntimeException: Connection refused
	at org.springframework.data.elasticsearch.client.elc.ElasticsearchExceptionTranslator.translateException(ElasticsearchExceptionTranslator.java:64) ~[spring-data-elasticsearch-5.4.4.jar:5.4.4]
	... 56 common frames omitted
Caused by: java.net.ConnectException: Connection refused
	at org.elasticsearch.client.RestClient.extractAndWrapCause(RestClient.java:934) ~[elasticsearch-rest-client-8.15.5.jar:8.15.5]
	at org.elasticsearch.client.RestClient.performRequest(RestClient.java:304) ~[elasticsearch-rest-client-8.15.5.jar:8.15.5]
	at org.elasticsearch.client.RestClient.performRequest(RestClient.java:292) ~[elasticsearch-rest-client-8.15.5.jar:8.15.5]
	at co.elastic.clients.transport.rest_client.RestClientHttpClient.performRequest(RestClientHttpClient.java:91) ~[elasticsearch-java-8.15.5.jar:na]
	at co.elastic.clients.transport.ElasticsearchTransportBase.performRequest(ElasticsearchTransportBase.java:144) ~[elasticsearch-java-8.15.5.jar:na]
	at co.elastic.clients.elasticsearch.indices.ElasticsearchIndicesClient.exists(ElasticsearchIndicesClient.java:682) ~[elasticsearch-java-8.15.5.jar:na]
	at org.springframework.data.elasticsearch.client.elc.IndicesTemplate.lambda$doExists$2(IndicesTemplate.java:179) ~[spring-data-elasticsearch-5.4.4.jar:5.4.4]
	at org.springframework.data.elasticsearch.client.elc.ChildTemplate.execute(ChildTemplate.java:71) ~[spring-data-elasticsearch-5.4.4.jar:5.4.4]
	... 55 common frames omitted
Caused by: java.net.ConnectException: Connection refused
	at java.base/sun.nio.ch.Net.pollConnect(Native Method) ~[na:na]
	at java.base/sun.nio.ch.Net.pollConnectNow(Net.java:672) ~[na:na]
	at java.base/sun.nio.ch.SocketChannelImpl.finishConnect(SocketChannelImpl.java:946) ~[na:na]
	at org.apache.http.impl.nio.reactor.DefaultConnectingIOReactor.processEvent(DefaultConnectingIOReactor.java:174) ~[httpcore-nio-4.4.16.jar:4.4.16]
	at org.apache.http.impl.nio.reactor.DefaultConnectingIOReactor.processEvents(DefaultConnectingIOReactor.java:148) ~[httpcore-nio-4.4.16.jar:4.4.16]
	at org.apache.http.impl.nio.reactor.AbstractMultiworkerIOReactor.execute(AbstractMultiworkerIOReactor.java:351) ~[httpcore-nio-4.4.16.jar:4.4.16]
	at org.apache.http.impl.nio.conn.PoolingNHttpClientConnectionManager.execute(PoolingNHttpClientConnectionManager.java:221) ~[httpasyncclient-4.1.5.jar:4.1.5]
	at org.apache.http.impl.nio.client.CloseableHttpAsyncClientBase$1.run(CloseableHttpAsyncClientBase.java:64) ~[httpasyncclient-4.1.5.jar:4.1.5]
	at java.base/java.lang.Thread.run(Thread.java:840) ~[na:na]

2025-04-25T10:39:13.621+09:00  INFO 5343 --- [portforu] [main] o.pinggu.portforu.PortforuApplication    : Starting PortforuApplication using Java 17.0.13 with PID 5343 (/Users/t2023-m0111/IdeaProjects/portforu/build/classes/java/main started by t2023-m0111 in /Users/t2023-m0111/IdeaProjects/portforu)
2025-04-25T10:39:13.624+09:00  INFO 5343 --- [portforu] [main] o.pinggu.portforu.PortforuApplication    : The following 1 profile is active: "local"
2025-04-25T10:39:14.058+09:00  INFO 5343 --- [portforu] [main] .s.d.r.c.RepositoryConfigurationDelegate : Multiple Spring Data modules found, entering strict repository configuration mode
2025-04-25T10:39:14.059+09:00  INFO 5343 --- [portforu] [main] .s.d.r.c.RepositoryConfigurationDelegate : Bootstrapping Spring Data Elasticsearch repositories in DEFAULT mode.
2025-04-25T10:39:14.079+09:00  INFO 5343 --- [portforu] [main] .RepositoryConfigurationExtensionSupport : Spring Data Elasticsearch - Could not safely identify store assignment for repository candidate interface org.pinggu.portforu.domain.auth.repository.RefreshTokenRepository; If you want this repository to be a Elasticsearch repository, consider annotating your entities with one of these annotations: org.springframework.data.elasticsearch.annotations.Document (preferred), or consider extending one of the following types with your repository: org.springframework.data.elasticsearch.repository.ElasticsearchRepository
2025-04-25T10:39:14.080+09:00  INFO 5343 --- [portforu] [main] .RepositoryConfigurationExtensionSupport : Spring Data Elasticsearch - Could not safely identify store assignment for repository candidate interface org.pinggu.portforu.domain.comment.repository.CommentRepository; If you want this repository to be a Elasticsearch repository, consider annotating your entities with one of these annotations: org.springframework.data.elasticsearch.annotations.Document (preferred), or consider extending one of the following types with your repository: org.springframework.data.elasticsearch.repository.ElasticsearchRepository
2025-04-25T10:39:14.130+09:00  INFO 5343 --- [portforu] [main] .RepositoryConfigurationExtensionSupport : Spring Data Elasticsearch - Could not safely identify store assignment for repository candidate interface org.pinggu.portforu.domain.jobposting.repository.JobPostingRepository; If you want this repository to be a Elasticsearch repository, consider annotating your entities with one of these annotations: org.springframework.data.elasticsearch.annotations.Document (preferred), or consider extending one of the following types with your repository: org.springframework.data.elasticsearch.repository.ElasticsearchRepository
2025-04-25T10:39:14.130+09:00  INFO 5343 --- [portforu] [main] .RepositoryConfigurationExtensionSupport : Spring Data Elasticsearch - Could not safely identify store assignment for repository candidate interface org.pinggu.portforu.domain.member.repository.MemberRepository; If you want this repository to be a Elasticsearch repository, consider annotating your entities with one of these annotations: org.springframework.data.elasticsearch.annotations.Document (preferred), or consider extending one of the following types with your repository: org.springframework.data.elasticsearch.repository.ElasticsearchRepository
2025-04-25T10:39:14.131+09:00  INFO 5343 --- [portforu] [main] .RepositoryConfigurationExtensionSupport : Spring Data Elasticsearch - Could not safely identify store assignment for repository candidate interface org.pinggu.portforu.domain.membership.repository.MembershipRepository; If you want this repository to be a Elasticsearch repository, consider annotating your entities with one of these annotations: org.springframework.data.elasticsearch.annotations.Document (preferred), or consider extending one of the following types with your repository: org.springframework.data.elasticsearch.repository.ElasticsearchRepository
2025-04-25T10:39:14.131+09:00  INFO 5343 --- [portforu] [main] .RepositoryConfigurationExtensionSupport : Spring Data Elasticsearch - Could not safely identify store assignment for repository candidate interface org.pinggu.portforu.domain.payment.repository.PaymentRepository; If you want this repository to be a Elasticsearch repository, consider annotating your entities with one of these annotations: org.springframework.data.elasticsearch.annotations.Document (preferred), or consider extending one of the following types with your repository: org.springframework.data.elasticsearch.repository.ElasticsearchRepository
2025-04-25T10:39:14.132+09:00  INFO 5343 --- [portforu] [main] .RepositoryConfigurationExtensionSupport : Spring Data Elasticsearch - Could not safely identify store assignment for repository candidate interface org.pinggu.portforu.domain.portfolio.repository.PortfolioRepository; If you want this repository to be a Elasticsearch repository, consider annotating your entities with one of these annotations: org.springframework.data.elasticsearch.annotations.Document (preferred), or consider extending one of the following types with your repository: org.springframework.data.elasticsearch.repository.ElasticsearchRepository
2025-04-25T10:39:14.132+09:00  INFO 5343 --- [portforu] [main] .RepositoryConfigurationExtensionSupport : Spring Data Elasticsearch - Could not safely identify store assignment for repository candidate interface org.pinggu.portforu.domain.portfolio.repository.UploadedFileRepository; If you want this repository to be a Elasticsearch repository, consider annotating your entities with one of these annotations: org.springframework.data.elasticsearch.annotations.Document (preferred), or consider extending one of the following types with your repository: org.springframework.data.elasticsearch.repository.ElasticsearchRepository
2025-04-25T10:39:14.133+09:00  INFO 5343 --- [portforu] [main] .RepositoryConfigurationExtensionSupport : Spring Data Elasticsearch - Could not safely identify store assignment for repository candidate interface org.pinggu.portforu.domain.scrap.repository.ScrapRepository; If you want this repository to be a Elasticsearch repository, consider annotating your entities with one of these annotations: org.springframework.data.elasticsearch.annotations.Document (preferred), or consider extending one of the following types with your repository: org.springframework.data.elasticsearch.repository.ElasticsearchRepository
2025-04-25T10:39:14.133+09:00  INFO 5343 --- [portforu] [main] .RepositoryConfigurationExtensionSupport : Spring Data Elasticsearch - Could not safely identify store assignment for repository candidate interface org.pinggu.portforu.domain.subscribe.repository.SubscribeRepository; If you want this repository to be a Elasticsearch repository, consider annotating your entities with one of these annotations: org.springframework.data.elasticsearch.annotations.Document (preferred), or consider extending one of the following types with your repository: org.springframework.data.elasticsearch.repository.ElasticsearchRepository
2025-04-25T10:39:14.143+09:00  INFO 5343 --- [portforu] [main] .s.d.r.c.RepositoryConfigurationDelegate : Finished Spring Data repository scanning in 80 ms. Found 1 Elasticsearch repository interface.
2025-04-25T10:39:14.146+09:00  INFO 5343 --- [portforu] [main] .s.d.r.c.RepositoryConfigurationDelegate : Multiple Spring Data modules found, entering strict repository configuration mode
2025-04-25T10:39:14.146+09:00  INFO 5343 --- [portforu] [main] .s.d.r.c.RepositoryConfigurationDelegate : Bootstrapping Spring Data Reactive Elasticsearch repositories in DEFAULT mode.
2025-04-25T10:39:14.150+09:00  INFO 5343 --- [portforu] [main] .RepositoryConfigurationExtensionSupport : Spring Data Reactive Elasticsearch - Could not safely identify store assignment for repository candidate interface org.pinggu.portforu.domain.auth.repository.RefreshTokenRepository; If you want this repository to be a Reactive Elasticsearch repository, consider annotating your entities with one of these annotations: org.springframework.data.elasticsearch.annotations.Document (preferred), or consider extending one of the following types with your repository: org.springframework.data.elasticsearch.repository.ReactiveElasticsearchRepository
2025-04-25T10:39:14.150+09:00  INFO 5343 --- [portforu] [main] .RepositoryConfigurationExtensionSupport : Spring Data Reactive Elasticsearch - Could not safely identify store assignment for repository candidate interface org.pinggu.portforu.domain.comment.repository.CommentRepository; If you want this repository to be a Reactive Elasticsearch repository, consider annotating your entities with one of these annotations: org.springframework.data.elasticsearch.annotations.Document (preferred), or consider extending one of the following types with your repository: org.springframework.data.elasticsearch.repository.ReactiveElasticsearchRepository
2025-04-25T10:39:14.152+09:00  INFO 5343 --- [portforu] [main] .RepositoryConfigurationExtensionSupport : Spring Data Reactive Elasticsearch - Could not safely identify store assignment for repository candidate interface org.pinggu.portforu.domain.jobposting.repository.JobPostingRepository; If you want this repository to be a Reactive Elasticsearch repository, consider annotating your entities with one of these annotations: org.springframework.data.elasticsearch.annotations.Document (preferred), or consider extending one of the following types with your repository: org.springframework.data.elasticsearch.repository.ReactiveElasticsearchRepository
2025-04-25T10:39:14.152+09:00  INFO 5343 --- [portforu] [main] .RepositoryConfigurationExtensionSupport : Spring Data Reactive Elasticsearch - Could not safely identify store assignment for repository candidate interface org.pinggu.portforu.domain.member.repository.MemberRepository; If you want this repository to be a Reactive Elasticsearch repository, consider annotating your entities with one of these annotations: org.springframework.data.elasticsearch.annotations.Document (preferred), or consider extending one of the following types with your repository: org.springframework.data.elasticsearch.repository.ReactiveElasticsearchRepository
2025-04-25T10:39:14.152+09:00  INFO 5343 --- [portforu] [main] .RepositoryConfigurationExtensionSupport : Spring Data Reactive Elasticsearch - Could not safely identify store assignment for repository candidate interface org.pinggu.portforu.domain.membership.repository.MembershipRepository; If you want this repository to be a Reactive Elasticsearch repository, consider annotating your entities with one of these annotations: org.springframework.data.elasticsearch.annotations.Document (preferred), or consider extending one of the following types with your repository: org.springframework.data.elasticsearch.repository.ReactiveElasticsearchRepository
2025-04-25T10:39:14.152+09:00  INFO 5343 --- [portforu] [main] .RepositoryConfigurationExtensionSupport : Spring Data Reactive Elasticsearch - Could not safely identify store assignment for repository candidate interface org.pinggu.portforu.domain.payment.repository.PaymentRepository; If you want this repository to be a Reactive Elasticsearch repository, consider annotating your entities with one of these annotations: org.springframework.data.elasticsearch.annotations.Document (preferred), or consider extending one of the following types with your repository: org.springframework.data.elasticsearch.repository.ReactiveElasticsearchRepository
2025-04-25T10:39:14.152+09:00  INFO 5343 --- [portforu] [main] .RepositoryConfigurationExtensionSupport : Spring Data Reactive Elasticsearch - Could not safely identify store assignment for repository candidate interface org.pinggu.portforu.domain.portfolio.repository.PortfolioRepository; If you want this repository to be a Reactive Elasticsearch repository, consider annotating your entities with one of these annotations: org.springframework.data.elasticsearch.annotations.Document (preferred), or consider extending one of the following types with your repository: org.springframework.data.elasticsearch.repository.ReactiveElasticsearchRepository
2025-04-25T10:39:14.152+09:00  INFO 5343 --- [portforu] [main] .RepositoryConfigurationExtensionSupport : Spring Data Reactive Elasticsearch - Could not safely identify store assignment for repository candidate interface org.pinggu.portforu.domain.portfolio.repository.UploadedFileRepository; If you want this repository to be a Reactive Elasticsearch repository, consider annotating your entities with one of these annotations: org.springframework.data.elasticsearch.annotations.Document (preferred), or consider extending one of the following types with your repository: org.springframework.data.elasticsearch.repository.ReactiveElasticsearchRepository
2025-04-25T10:39:14.152+09:00  INFO 5343 --- [portforu] [main] .RepositoryConfigurationExtensionSupport : Spring Data Reactive Elasticsearch - Could not safely identify store assignment for repository candidate interface org.pinggu.portforu.domain.scrap.repository.ScrapRepository; If you want this repository to be a Reactive Elasticsearch repository, consider annotating your entities with one of these annotations: org.springframework.data.elasticsearch.annotations.Document (preferred), or consider extending one of the following types with your repository: org.springframework.data.elasticsearch.repository.ReactiveElasticsearchRepository
2025-04-25T10:39:14.152+09:00  INFO 5343 --- [portforu] [main] .RepositoryConfigurationExtensionSupport : Spring Data Reactive Elasticsearch - Could not safely identify store assignment for repository candidate interface org.pinggu.portforu.domain.subscribe.repository.SubscribeRepository; If you want this repository to be a Reactive Elasticsearch repository, consider annotating your entities with one of these annotations: org.springframework.data.elasticsearch.annotations.Document (preferred), or consider extending one of the following types with your repository: org.springframework.data.elasticsearch.repository.ReactiveElasticsearchRepository
2025-04-25T10:39:14.152+09:00  INFO 5343 --- [portforu] [main] .s.d.r.c.RepositoryConfigurationDelegate : Finished Spring Data repository scanning in 5 ms. Found 0 Reactive Elasticsearch repository interfaces.
2025-04-25T10:39:14.158+09:00  INFO 5343 --- [portforu] [main] .s.d.r.c.RepositoryConfigurationDelegate : Multiple Spring Data modules found, entering strict repository configuration mode
2025-04-25T10:39:14.158+09:00  INFO 5343 --- [portforu] [main] .s.d.r.c.RepositoryConfigurationDelegate : Bootstrapping Spring Data JPA repositories in DEFAULT mode.
2025-04-25T10:39:14.165+09:00  INFO 5343 --- [portforu] [main] .RepositoryConfigurationExtensionSupport : Spring Data JPA - Could not safely identify store assignment for repository candidate interface org.pinggu.portforu.domain.jobposting.elastic.repository.JobPostingSearchRepository; If you want this repository to be a JPA repository, consider annotating your entities with one of these annotations: jakarta.persistence.Entity, jakarta.persistence.MappedSuperclass (preferred), or consider extending one of the following types with your repository: org.springframework.data.jpa.repository.JpaRepository
2025-04-25T10:39:14.173+09:00  INFO 5343 --- [portforu] [main] .s.d.r.c.RepositoryConfigurationDelegate : Finished Spring Data repository scanning in 12 ms. Found 10 JPA repository interfaces.
2025-04-25T10:39:14.180+09:00  INFO 5343 --- [portforu] [main] .s.d.r.c.RepositoryConfigurationDelegate : Multiple Spring Data modules found, entering strict repository configuration mode
2025-04-25T10:39:14.181+09:00  INFO 5343 --- [portforu] [main] .s.d.r.c.RepositoryConfigurationDelegate : Bootstrapping Spring Data Redis repositories in DEFAULT mode.
2025-04-25T10:39:14.188+09:00  INFO 5343 --- [portforu] [main] .RepositoryConfigurationExtensionSupport : Spring Data Redis - Could not safely identify store assignment for repository candidate interface org.pinggu.portforu.domain.auth.repository.RefreshTokenRepository; If you want this repository to be a Redis repository, consider annotating your entities with one of these annotations: org.springframework.data.redis.core.RedisHash (preferred), or consider extending one of the following types with your repository: org.springframework.data.keyvalue.repository.KeyValueRepository
2025-04-25T10:39:14.188+09:00  INFO 5343 --- [portforu] [main] .RepositoryConfigurationExtensionSupport : Spring Data Redis - Could not safely identify store assignment for repository candidate interface org.pinggu.portforu.domain.comment.repository.CommentRepository; If you want this repository to be a Redis repository, consider annotating your entities with one of these annotations: org.springframework.data.redis.core.RedisHash (preferred), or consider extending one of the following types with your repository: org.springframework.data.keyvalue.repository.KeyValueRepository
2025-04-25T10:39:14.189+09:00  INFO 5343 --- [portforu] [main] .RepositoryConfigurationExtensionSupport : Spring Data Redis - Could not safely identify store assignment for repository candidate interface org.pinggu.portforu.domain.jobposting.elastic.repository.JobPostingSearchRepository; If you want this repository to be a Redis repository, consider annotating your entities with one of these annotations: org.springframework.data.redis.core.RedisHash (preferred), or consider extending one of the following types with your repository: org.springframework.data.keyvalue.repository.KeyValueRepository
2025-04-25T10:39:14.189+09:00  INFO 5343 --- [portforu] [main] .RepositoryConfigurationExtensionSupport : Spring Data Redis - Could not safely identify store assignment for repository candidate interface org.pinggu.portforu.domain.jobposting.repository.JobPostingRepository; If you want this repository to be a Redis repository, consider annotating your entities with one of these annotations: org.springframework.data.redis.core.RedisHash (preferred), or consider extending one of the following types with your repository: org.springframework.data.keyvalue.repository.KeyValueRepository
2025-04-25T10:39:14.189+09:00  INFO 5343 --- [portforu] [main] .RepositoryConfigurationExtensionSupport : Spring Data Redis - Could not safely identify store assignment for repository candidate interface org.pinggu.portforu.domain.member.repository.MemberRepository; If you want this repository to be a Redis repository, consider annotating your entities with one of these annotations: org.springframework.data.redis.core.RedisHash (preferred), or consider extending one of the following types with your repository: org.springframework.data.keyvalue.repository.KeyValueRepository
2025-04-25T10:39:14.189+09:00  INFO 5343 --- [portforu] [main] .RepositoryConfigurationExtensionSupport : Spring Data Redis - Could not safely identify store assignment for repository candidate interface org.pinggu.portforu.domain.membership.repository.MembershipRepository; If you want this repository to be a Redis repository, consider annotating your entities with one of these annotations: org.springframework.data.redis.core.RedisHash (preferred), or consider extending one of the following types with your repository: org.springframework.data.keyvalue.repository.KeyValueRepository
2025-04-25T10:39:14.189+09:00  INFO 5343 --- [portforu] [main] .RepositoryConfigurationExtensionSupport : Spring Data Redis - Could not safely identify store assignment for repository candidate interface org.pinggu.portforu.domain.payment.repository.PaymentRepository; If you want this repository to be a Redis repository, consider annotating your entities with one of these annotations: org.springframework.data.redis.core.RedisHash (preferred), or consider extending one of the following types with your repository: org.springframework.data.keyvalue.repository.KeyValueRepository
2025-04-25T10:39:14.189+09:00  INFO 5343 --- [portforu] [main] .RepositoryConfigurationExtensionSupport : Spring Data Redis - Could not safely identify store assignment for repository candidate interface org.pinggu.portforu.domain.portfolio.repository.PortfolioRepository; If you want this repository to be a Redis repository, consider annotating your entities with one of these annotations: org.springframework.data.redis.core.RedisHash (preferred), or consider extending one of the following types with your repository: org.springframework.data.keyvalue.repository.KeyValueRepository
2025-04-25T10:39:14.189+09:00  INFO 5343 --- [portforu] [main] .RepositoryConfigurationExtensionSupport : Spring Data Redis - Could not safely identify store assignment for repository candidate interface org.pinggu.portforu.domain.portfolio.repository.UploadedFileRepository; If you want this repository to be a Redis repository, consider annotating your entities with one of these annotations: org.springframework.data.redis.core.RedisHash (preferred), or consider extending one of the following types with your repository: org.springframework.data.keyvalue.repository.KeyValueRepository
2025-04-25T10:39:14.189+09:00  INFO 5343 --- [portforu] [main] .RepositoryConfigurationExtensionSupport : Spring Data Redis - Could not safely identify store assignment for repository candidate interface org.pinggu.portforu.domain.scrap.repository.ScrapRepository; If you want this repository to be a Redis repository, consider annotating your entities with one of these annotations: org.springframework.data.redis.core.RedisHash (preferred), or consider extending one of the following types with your repository: org.springframework.data.keyvalue.repository.KeyValueRepository
2025-04-25T10:39:14.189+09:00  INFO 5343 --- [portforu] [main] .RepositoryConfigurationExtensionSupport : Spring Data Redis - Could not safely identify store assignment for repository candidate interface org.pinggu.portforu.domain.subscribe.repository.SubscribeRepository; If you want this repository to be a Redis repository, consider annotating your entities with one of these annotations: org.springframework.data.redis.core.RedisHash (preferred), or consider extending one of the following types with your repository: org.springframework.data.keyvalue.repository.KeyValueRepository
2025-04-25T10:39:14.189+09:00  INFO 5343 --- [portforu] [main] .s.d.r.c.RepositoryConfigurationDelegate : Finished Spring Data repository scanning in 4 ms. Found 0 Redis repository interfaces.
2025-04-25T10:39:14.585+09:00  INFO 5343 --- [portforu] [main] o.s.b.w.embedded.tomcat.TomcatWebServer  : Tomcat initialized with port 8080 (http)
2025-04-25T10:39:14.592+09:00  INFO 5343 --- [portforu] [main] o.apache.catalina.core.StandardService   : Starting service [Tomcat]
2025-04-25T10:39:14.592+09:00  INFO 5343 --- [portforu] [main] o.apache.catalina.core.StandardEngine    : Starting Servlet engine: [Apache Tomcat/10.1.39]
2025-04-25T10:39:14.615+09:00  INFO 5343 --- [portforu] [main] o.a.c.c.C.[Tomcat].[localhost].[/]       : Initializing Spring embedded WebApplicationContext
2025-04-25T10:39:14.616+09:00  INFO 5343 --- [portforu] [main] w.s.c.ServletWebServerApplicationContext : Root WebApplicationContext: initialization completed in 974 ms
2025-04-25T10:39:14.703+09:00  INFO 5343 --- [portforu] [main] o.hibernate.jpa.internal.util.LogHelper  : HHH000204: Processing PersistenceUnitInfo [name: default]
2025-04-25T10:39:14.731+09:00  INFO 5343 --- [portforu] [main] org.hibernate.Version                    : HHH000412: Hibernate ORM core version 6.6.11.Final
2025-04-25T10:39:14.746+09:00  INFO 5343 --- [portforu] [main] o.h.c.internal.RegionFactoryInitiator    : HHH000026: Second-level cache disabled
2025-04-25T10:39:14.899+09:00  INFO 5343 --- [portforu] [main] o.s.o.j.p.SpringPersistenceUnitInfo      : No LoadTimeWeaver setup: ignoring JPA class transformer
2025-04-25T10:39:14.913+09:00  INFO 5343 --- [portforu] [main] com.zaxxer.hikari.HikariDataSource       : HikariPool-1 - Starting...
2025-04-25T10:39:15.050+09:00  INFO 5343 --- [portforu] [main] com.zaxxer.hikari.pool.HikariPool        : HikariPool-1 - Added connection com.mysql.cj.jdbc.ConnectionImpl@7d43f1c9
2025-04-25T10:39:15.051+09:00  INFO 5343 --- [portforu] [main] com.zaxxer.hikari.HikariDataSource       : HikariPool-1 - Start completed.
2025-04-25T10:39:15.095+09:00  INFO 5343 --- [portforu] [main] org.hibernate.orm.connections.pooling    : HHH10001005: Database info:
	Database JDBC URL [Connecting through datasource 'HikariDataSource (HikariPool-1)']
	Database driver: undefined/unknown
	Database version: 9.2
	Autocommit mode: undefined/unknown
	Isolation level: undefined/unknown
	Minimum pool size: undefined/unknown
	Maximum pool size: undefined/unknown
2025-04-25T10:39:15.586+09:00  INFO 5343 --- [portforu] [main] o.h.e.t.j.p.i.JtaPlatformInitiator       : HHH000489: No JTA platform available (set 'hibernate.transaction.jta.platform' to enable JTA platform integration)
2025-04-25T10:39:15.679+09:00  INFO 5343 --- [portforu] [main] j.LocalContainerEntityManagerFactoryBean : Initialized JPA EntityManagerFactory for persistence unit 'default'
2025-04-25T10:39:15.868+09:00  INFO 5343 --- [portforu] [main] o.s.d.j.r.query.QueryEnhancerFactory     : Hibernate is in classpath; If applicable, HQL parser will be used.
2025-04-25T10:39:16.461+09:00  WARN 5343 --- [portforu] [main] ConfigServletWebServerApplicationContext : Exception encountered during context initialization - cancelling refresh attempt: org.springframework.beans.factory.UnsatisfiedDependencyException: Error creating bean with name 'jobPostingSearchServiceImpl' defined in file [/Users/t2023-m0111/IdeaProjects/portforu/build/classes/java/main/org/pinggu/portforu/domain/jobposting/elastic/service/JobPostingSearchServiceImpl.class]: Unsatisfied dependency expressed through constructor parameter 0: Error creating bean with name 'jobPostingSearchRepository' defined in org.pinggu.portforu.domain.jobposting.elastic.repository.JobPostingSearchRepository defined in @EnableElasticsearchRepositories declared on ElasticsearchRepositoriesRegistrar.EnableElasticsearchRepositoriesConfiguration: Could not create query for public abstract java.util.List org.pinggu.portforu.domain.jobposting.elastic.repository.JobPostingSearchRepository.findByNameContaining(java.lang.String); Reason: No property 'name' found for type 'JobPostingDocument'
2025-04-25T10:39:16.463+09:00  INFO 5343 --- [portforu] [main] j.LocalContainerEntityManagerFactoryBean : Closing JPA EntityManagerFactory for persistence unit 'default'
2025-04-25T10:39:16.464+09:00  INFO 5343 --- [portforu] [main] com.zaxxer.hikari.HikariDataSource       : HikariPool-1 - Shutdown initiated...
2025-04-25T10:39:16.467+09:00  INFO 5343 --- [portforu] [main] com.zaxxer.hikari.HikariDataSource       : HikariPool-1 - Shutdown completed.
2025-04-25T10:39:16.469+09:00  INFO 5343 --- [portforu] [main] o.apache.catalina.core.StandardService   : Stopping service [Tomcat]
2025-04-25T10:39:16.476+09:00  INFO 5343 --- [portforu] [main] .s.b.a.l.ConditionEvaluationReportLogger : 

Error starting ApplicationContext. To display the condition evaluation report re-run your application with 'debug' enabled.
2025-04-25T10:39:16.484+09:00 ERROR 5343 --- [portforu] [main] o.s.boot.SpringApplication               : Application run failed

org.springframework.beans.factory.UnsatisfiedDependencyException: Error creating bean with name 'jobPostingSearchServiceImpl' defined in file [/Users/t2023-m0111/IdeaProjects/portforu/build/classes/java/main/org/pinggu/portforu/domain/jobposting/elastic/service/JobPostingSearchServiceImpl.class]: Unsatisfied dependency expressed through constructor parameter 0: Error creating bean with name 'jobPostingSearchRepository' defined in org.pinggu.portforu.domain.jobposting.elastic.repository.JobPostingSearchRepository defined in @EnableElasticsearchRepositories declared on ElasticsearchRepositoriesRegistrar.EnableElasticsearchRepositoriesConfiguration: Could not create query for public abstract java.util.List org.pinggu.portforu.domain.jobposting.elastic.repository.JobPostingSearchRepository.findByNameContaining(java.lang.String); Reason: No property 'name' found for type 'JobPostingDocument'
	at org.springframework.beans.factory.support.ConstructorResolver.createArgumentArray(ConstructorResolver.java:804) ~[spring-beans-6.2.5.jar:6.2.5]
	at org.springframework.beans.factory.support.ConstructorResolver.autowireConstructor(ConstructorResolver.java:240) ~[spring-beans-6.2.5.jar:6.2.5]
	at org.springframework.beans.factory.support.AbstractAutowireCapableBeanFactory.autowireConstructor(AbstractAutowireCapableBeanFactory.java:1381) ~[spring-beans-6.2.5.jar:6.2.5]
	at org.springframework.beans.factory.support.AbstractAutowireCapableBeanFactory.createBeanInstance(AbstractAutowireCapableBeanFactory.java:1218) ~[spring-beans-6.2.5.jar:6.2.5]
	at org.springframework.beans.factory.support.AbstractAutowireCapableBeanFactory.doCreateBean(AbstractAutowireCapableBeanFactory.java:563) ~[spring-beans-6.2.5.jar:6.2.5]
	at org.springframework.beans.factory.support.AbstractAutowireCapableBeanFactory.createBean(AbstractAutowireCapableBeanFactory.java:523) ~[spring-beans-6.2.5.jar:6.2.5]
	at org.springframework.beans.factory.support.AbstractBeanFactory.lambda$doGetBean$0(AbstractBeanFactory.java:339) ~[spring-beans-6.2.5.jar:6.2.5]
	at org.springframework.beans.factory.support.DefaultSingletonBeanRegistry.getSingleton(DefaultSingletonBeanRegistry.java:347) ~[spring-beans-6.2.5.jar:6.2.5]
	at org.springframework.beans.factory.support.AbstractBeanFactory.doGetBean(AbstractBeanFactory.java:337) ~[spring-beans-6.2.5.jar:6.2.5]
	at org.springframework.beans.factory.support.AbstractBeanFactory.getBean(AbstractBeanFactory.java:202) ~[spring-beans-6.2.5.jar:6.2.5]
	at org.springframework.beans.factory.support.DefaultListableBeanFactory.instantiateSingleton(DefaultListableBeanFactory.java:1155) ~[spring-beans-6.2.5.jar:6.2.5]
	at org.springframework.beans.factory.support.DefaultListableBeanFactory.preInstantiateSingleton(DefaultListableBeanFactory.java:1121) ~[spring-beans-6.2.5.jar:6.2.5]
	at org.springframework.beans.factory.support.DefaultListableBeanFactory.preInstantiateSingletons(DefaultListableBeanFactory.java:1056) ~[spring-beans-6.2.5.jar:6.2.5]
	at org.springframework.context.support.AbstractApplicationContext.finishBeanFactoryInitialization(AbstractApplicationContext.java:987) ~[spring-context-6.2.5.jar:6.2.5]
	at org.springframework.context.support.AbstractApplicationContext.refresh(AbstractApplicationContext.java:627) ~[spring-context-6.2.5.jar:6.2.5]
	at org.springframework.boot.web.servlet.context.ServletWebServerApplicationContext.refresh(ServletWebServerApplicationContext.java:146) ~[spring-boot-3.4.4.jar:3.4.4]
	at org.springframework.boot.SpringApplication.refresh(SpringApplication.java:752) ~[spring-boot-3.4.4.jar:3.4.4]
	at org.springframework.boot.SpringApplication.refreshContext(SpringApplication.java:439) ~[spring-boot-3.4.4.jar:3.4.4]
	at org.springframework.boot.SpringApplication.run(SpringApplication.java:318) ~[spring-boot-3.4.4.jar:3.4.4]
	at org.springframework.boot.SpringApplication.run(SpringApplication.java:1361) ~[spring-boot-3.4.4.jar:3.4.4]
	at org.springframework.boot.SpringApplication.run(SpringApplication.java:1350) ~[spring-boot-3.4.4.jar:3.4.4]
	at org.pinggu.portforu.PortforuApplication.main(PortforuApplication.java:12) ~[main/:na]
Caused by: org.springframework.beans.factory.BeanCreationException: Error creating bean with name 'jobPostingSearchRepository' defined in org.pinggu.portforu.domain.jobposting.elastic.repository.JobPostingSearchRepository defined in @EnableElasticsearchRepositories declared on ElasticsearchRepositoriesRegistrar.EnableElasticsearchRepositoriesConfiguration: Could not create query for public abstract java.util.List org.pinggu.portforu.domain.jobposting.elastic.repository.JobPostingSearchRepository.findByNameContaining(java.lang.String); Reason: No property 'name' found for type 'JobPostingDocument'
	at org.springframework.beans.factory.support.AbstractAutowireCapableBeanFactory.initializeBean(AbstractAutowireCapableBeanFactory.java:1812) ~[spring-beans-6.2.5.jar:6.2.5]
	at org.springframework.beans.factory.support.AbstractAutowireCapableBeanFactory.doCreateBean(AbstractAutowireCapableBeanFactory.java:601) ~[spring-beans-6.2.5.jar:6.2.5]
	at org.springframework.beans.factory.support.AbstractAutowireCapableBeanFactory.createBean(AbstractAutowireCapableBeanFactory.java:523) ~[spring-beans-6.2.5.jar:6.2.5]
	at org.springframework.beans.factory.support.AbstractBeanFactory.lambda$doGetBean$0(AbstractBeanFactory.java:339) ~[spring-beans-6.2.5.jar:6.2.5]
	at org.springframework.beans.factory.support.DefaultSingletonBeanRegistry.getSingleton(DefaultSingletonBeanRegistry.java:347) ~[spring-beans-6.2.5.jar:6.2.5]
	at org.springframework.beans.factory.support.AbstractBeanFactory.doGetBean(AbstractBeanFactory.java:337) ~[spring-beans-6.2.5.jar:6.2.5]
	at org.springframework.beans.factory.support.AbstractBeanFactory.getBean(AbstractBeanFactory.java:202) ~[spring-beans-6.2.5.jar:6.2.5]
	at org.springframework.beans.factory.config.DependencyDescriptor.resolveCandidate(DependencyDescriptor.java:254) ~[spring-beans-6.2.5.jar:6.2.5]
	at org.springframework.beans.factory.support.DefaultListableBeanFactory.doResolveDependency(DefaultListableBeanFactory.java:1667) ~[spring-beans-6.2.5.jar:6.2.5]
	at org.springframework.beans.factory.support.DefaultListableBeanFactory.resolveDependency(DefaultListableBeanFactory.java:1555) ~[spring-beans-6.2.5.jar:6.2.5]
	at org.springframework.beans.factory.support.ConstructorResolver.resolveAutowiredArgument(ConstructorResolver.java:913) ~[spring-beans-6.2.5.jar:6.2.5]
	at org.springframework.beans.factory.support.ConstructorResolver.createArgumentArray(ConstructorResolver.java:791) ~[spring-beans-6.2.5.jar:6.2.5]
	... 21 common frames omitted
Caused by: org.springframework.data.repository.query.QueryCreationException: Could not create query for public abstract java.util.List org.pinggu.portforu.domain.jobposting.elastic.repository.JobPostingSearchRepository.findByNameContaining(java.lang.String); Reason: No property 'name' found for type 'JobPostingDocument'
	at org.springframework.data.repository.query.QueryCreationException.create(QueryCreationException.java:101) ~[spring-data-commons-3.4.4.jar:3.4.4]
	at org.springframework.data.repository.core.support.QueryExecutorMethodInterceptor.lookupQuery(QueryExecutorMethodInterceptor.java:120) ~[spring-data-commons-3.4.4.jar:3.4.4]
	at org.springframework.data.repository.core.support.QueryExecutorMethodInterceptor.mapMethodsToQuery(QueryExecutorMethodInterceptor.java:104) ~[spring-data-commons-3.4.4.jar:3.4.4]
	at org.springframework.data.repository.core.support.QueryExecutorMethodInterceptor.lambda$new$0(QueryExecutorMethodInterceptor.java:92) ~[spring-data-commons-3.4.4.jar:3.4.4]
	at java.base/java.util.Optional.map(Optional.java:260) ~[na:na]
	at org.springframework.data.repository.core.support.QueryExecutorMethodInterceptor.<init>(QueryExecutorMethodInterceptor.java:92) ~[spring-data-commons-3.4.4.jar:3.4.4]
	at org.springframework.data.repository.core.support.RepositoryFactorySupport.getRepository(RepositoryFactorySupport.java:431) ~[spring-data-commons-3.4.4.jar:3.4.4]
	at org.springframework.data.repository.core.support.RepositoryFactoryBeanSupport.lambda$afterPropertiesSet$4(RepositoryFactoryBeanSupport.java:350) ~[spring-data-commons-3.4.4.jar:3.4.4]
	at org.springframework.data.util.Lazy.getNullable(Lazy.java:135) ~[spring-data-commons-3.4.4.jar:3.4.4]
	at org.springframework.data.util.Lazy.get(Lazy.java:113) ~[spring-data-commons-3.4.4.jar:3.4.4]
	at org.springframework.data.repository.core.support.RepositoryFactoryBeanSupport.afterPropertiesSet(RepositoryFactoryBeanSupport.java:356) ~[spring-data-commons-3.4.4.jar:3.4.4]
	at org.springframework.data.elasticsearch.repository.support.ElasticsearchRepositoryFactoryBean.afterPropertiesSet(ElasticsearchRepositoryFactoryBean.java:69) ~[spring-data-elasticsearch-5.4.4.jar:5.4.4]
	at org.springframework.beans.factory.support.AbstractAutowireCapableBeanFactory.invokeInitMethods(AbstractAutowireCapableBeanFactory.java:1859) ~[spring-beans-6.2.5.jar:6.2.5]
	at org.springframework.beans.factory.support.AbstractAutowireCapableBeanFactory.initializeBean(AbstractAutowireCapableBeanFactory.java:1808) ~[spring-beans-6.2.5.jar:6.2.5]
	... 32 common frames omitted
Caused by: org.springframework.data.mapping.PropertyReferenceException: No property 'name' found for type 'JobPostingDocument'
	at org.springframework.data.mapping.PropertyPath.<init>(PropertyPath.java:94) ~[spring-data-commons-3.4.4.jar:3.4.4]
	at org.springframework.data.mapping.PropertyPath.create(PropertyPath.java:455) ~[spring-data-commons-3.4.4.jar:3.4.4]
	at org.springframework.data.mapping.PropertyPath.create(PropertyPath.java:431) ~[spring-data-commons-3.4.4.jar:3.4.4]
	at org.springframework.data.mapping.PropertyPath.lambda$from$0(PropertyPath.java:384) ~[spring-data-commons-3.4.4.jar:3.4.4]
	at java.base/java.util.concurrent.ConcurrentMap.computeIfAbsent(ConcurrentMap.java:330) ~[na:na]
	at org.springframework.data.mapping.PropertyPath.from(PropertyPath.java:366) ~[spring-data-commons-3.4.4.jar:3.4.4]
	at org.springframework.data.mapping.PropertyPath.from(PropertyPath.java:344) ~[spring-data-commons-3.4.4.jar:3.4.4]
	at org.springframework.data.repository.query.parser.Part.<init>(Part.java:81) ~[spring-data-commons-3.4.4.jar:3.4.4]
	at org.springframework.data.repository.query.parser.PartTree$OrPart.lambda$new$0(PartTree.java:259) ~[spring-data-commons-3.4.4.jar:3.4.4]
	at java.base/java.util.stream.ReferencePipeline$3$1.accept(ReferencePipeline.java:197) ~[na:na]
	at java.base/java.util.stream.ReferencePipeline$2$1.accept(ReferencePipeline.java:179) ~[na:na]
	at java.base/java.util.Spliterators$ArraySpliterator.forEachRemaining(Spliterators.java:992) ~[na:na]
	at java.base/java.util.stream.AbstractPipeline.copyInto(AbstractPipeline.java:509) ~[na:na]
	at java.base/java.util.stream.AbstractPipeline.wrapAndCopyInto(AbstractPipeline.java:499) ~[na:na]
	at java.base/java.util.stream.ReduceOps$ReduceOp.evaluateSequential(ReduceOps.java:921) ~[na:na]
	at java.base/java.util.stream.AbstractPipeline.evaluate(AbstractPipeline.java:234) ~[na:na]
	at java.base/java.util.stream.ReferencePipeline.collect(ReferencePipeline.java:682) ~[na:na]
	at org.springframework.data.repository.query.parser.PartTree$OrPart.<init>(PartTree.java:260) ~[spring-data-commons-3.4.4.jar:3.4.4]
	at org.springframework.data.repository.query.parser.PartTree$Predicate.lambda$new$0(PartTree.java:389) ~[spring-data-commons-3.4.4.jar:3.4.4]
	at java.base/java.util.stream.ReferencePipeline$3$1.accept(ReferencePipeline.java:197) ~[na:na]
	at java.base/java.util.stream.ReferencePipeline$2$1.accept(ReferencePipeline.java:179) ~[na:na]
	at java.base/java.util.Spliterators$ArraySpliterator.forEachRemaining(Spliterators.java:992) ~[na:na]
	at java.base/java.util.stream.AbstractPipeline.copyInto(AbstractPipeline.java:509) ~[na:na]
	at java.base/java.util.stream.AbstractPipeline.wrapAndCopyInto(AbstractPipeline.java:499) ~[na:na]
	at java.base/java.util.stream.ReduceOps$ReduceOp.evaluateSequential(ReduceOps.java:921) ~[na:na]
	at java.base/java.util.stream.AbstractPipeline.evaluate(AbstractPipeline.java:234) ~[na:na]
	at java.base/java.util.stream.ReferencePipeline.collect(ReferencePipeline.java:682) ~[na:na]
	at org.springframework.data.repository.query.parser.PartTree$Predicate.<init>(PartTree.java:390) ~[spring-data-commons-3.4.4.jar:3.4.4]
	at org.springframework.data.repository.query.parser.PartTree.<init>(PartTree.java:103) ~[spring-data-commons-3.4.4.jar:3.4.4]
	at org.springframework.data.elasticsearch.repository.query.ElasticsearchPartQuery.<init>(ElasticsearchPartQuery.java:45) ~[spring-data-elasticsearch-5.4.4.jar:5.4.4]
	at org.springframework.data.elasticsearch.repository.support.ElasticsearchRepositoryFactory$ElasticsearchQueryLookupStrategy.resolveQuery(ElasticsearchRepositoryFactory.java:131) ~[spring-data-elasticsearch-5.4.4.jar:5.4.4]
	at org.springframework.data.repository.core.support.QueryExecutorMethodInterceptor.lookupQuery(QueryExecutorMethodInterceptor.java:116) ~[spring-data-commons-3.4.4.jar:3.4.4]
	... 44 common frames omitted

2025-04-25T10:40:24.352+09:00  INFO 5404 --- [portforu] [main] o.pinggu.portforu.PortforuApplication    : Starting PortforuApplication using Java 17.0.13 with PID 5404 (/Users/t2023-m0111/IdeaProjects/portforu/build/classes/java/main started by t2023-m0111 in /Users/t2023-m0111/IdeaProjects/portforu)
2025-04-25T10:40:24.353+09:00  INFO 5404 --- [portforu] [main] o.pinggu.portforu.PortforuApplication    : The following 1 profile is active: "local"
2025-04-25T10:40:24.782+09:00  INFO 5404 --- [portforu] [main] .s.d.r.c.RepositoryConfigurationDelegate : Multiple Spring Data modules found, entering strict repository configuration mode
2025-04-25T10:40:24.783+09:00  INFO 5404 --- [portforu] [main] .s.d.r.c.RepositoryConfigurationDelegate : Bootstrapping Spring Data Elasticsearch repositories in DEFAULT mode.
2025-04-25T10:40:24.803+09:00  INFO 5404 --- [portforu] [main] .RepositoryConfigurationExtensionSupport : Spring Data Elasticsearch - Could not safely identify store assignment for repository candidate interface org.pinggu.portforu.domain.auth.repository.RefreshTokenRepository; If you want this repository to be a Elasticsearch repository, consider annotating your entities with one of these annotations: org.springframework.data.elasticsearch.annotations.Document (preferred), or consider extending one of the following types with your repository: org.springframework.data.elasticsearch.repository.ElasticsearchRepository
2025-04-25T10:40:24.804+09:00  INFO 5404 --- [portforu] [main] .RepositoryConfigurationExtensionSupport : Spring Data Elasticsearch - Could not safely identify store assignment for repository candidate interface org.pinggu.portforu.domain.comment.repository.CommentRepository; If you want this repository to be a Elasticsearch repository, consider annotating your entities with one of these annotations: org.springframework.data.elasticsearch.annotations.Document (preferred), or consider extending one of the following types with your repository: org.springframework.data.elasticsearch.repository.ElasticsearchRepository
2025-04-25T10:40:24.852+09:00  INFO 5404 --- [portforu] [main] .RepositoryConfigurationExtensionSupport : Spring Data Elasticsearch - Could not safely identify store assignment for repository candidate interface org.pinggu.portforu.domain.jobposting.repository.JobPostingRepository; If you want this repository to be a Elasticsearch repository, consider annotating your entities with one of these annotations: org.springframework.data.elasticsearch.annotations.Document (preferred), or consider extending one of the following types with your repository: org.springframework.data.elasticsearch.repository.ElasticsearchRepository
2025-04-25T10:40:24.853+09:00  INFO 5404 --- [portforu] [main] .RepositoryConfigurationExtensionSupport : Spring Data Elasticsearch - Could not safely identify store assignment for repository candidate interface org.pinggu.portforu.domain.member.repository.MemberRepository; If you want this repository to be a Elasticsearch repository, consider annotating your entities with one of these annotations: org.springframework.data.elasticsearch.annotations.Document (preferred), or consider extending one of the following types with your repository: org.springframework.data.elasticsearch.repository.ElasticsearchRepository
2025-04-25T10:40:24.853+09:00  INFO 5404 --- [portforu] [main] .RepositoryConfigurationExtensionSupport : Spring Data Elasticsearch - Could not safely identify store assignment for repository candidate interface org.pinggu.portforu.domain.membership.repository.MembershipRepository; If you want this repository to be a Elasticsearch repository, consider annotating your entities with one of these annotations: org.springframework.data.elasticsearch.annotations.Document (preferred), or consider extending one of the following types with your repository: org.springframework.data.elasticsearch.repository.ElasticsearchRepository
2025-04-25T10:40:24.853+09:00  INFO 5404 --- [portforu] [main] .RepositoryConfigurationExtensionSupport : Spring Data Elasticsearch - Could not safely identify store assignment for repository candidate interface org.pinggu.portforu.domain.payment.repository.PaymentRepository; If you want this repository to be a Elasticsearch repository, consider annotating your entities with one of these annotations: org.springframework.data.elasticsearch.annotations.Document (preferred), or consider extending one of the following types with your repository: org.springframework.data.elasticsearch.repository.ElasticsearchRepository
2025-04-25T10:40:24.854+09:00  INFO 5404 --- [portforu] [main] .RepositoryConfigurationExtensionSupport : Spring Data Elasticsearch - Could not safely identify store assignment for repository candidate interface org.pinggu.portforu.domain.portfolio.repository.PortfolioRepository; If you want this repository to be a Elasticsearch repository, consider annotating your entities with one of these annotations: org.springframework.data.elasticsearch.annotations.Document (preferred), or consider extending one of the following types with your repository: org.springframework.data.elasticsearch.repository.ElasticsearchRepository
2025-04-25T10:40:24.854+09:00  INFO 5404 --- [portforu] [main] .RepositoryConfigurationExtensionSupport : Spring Data Elasticsearch - Could not safely identify store assignment for repository candidate interface org.pinggu.portforu.domain.portfolio.repository.UploadedFileRepository; If you want this repository to be a Elasticsearch repository, consider annotating your entities with one of these annotations: org.springframework.data.elasticsearch.annotations.Document (preferred), or consider extending one of the following types with your repository: org.springframework.data.elasticsearch.repository.ElasticsearchRepository
2025-04-25T10:40:24.855+09:00  INFO 5404 --- [portforu] [main] .RepositoryConfigurationExtensionSupport : Spring Data Elasticsearch - Could not safely identify store assignment for repository candidate interface org.pinggu.portforu.domain.scrap.repository.ScrapRepository; If you want this repository to be a Elasticsearch repository, consider annotating your entities with one of these annotations: org.springframework.data.elasticsearch.annotations.Document (preferred), or consider extending one of the following types with your repository: org.springframework.data.elasticsearch.repository.ElasticsearchRepository
2025-04-25T10:40:24.855+09:00  INFO 5404 --- [portforu] [main] .RepositoryConfigurationExtensionSupport : Spring Data Elasticsearch - Could not safely identify store assignment for repository candidate interface org.pinggu.portforu.domain.subscribe.repository.SubscribeRepository; If you want this repository to be a Elasticsearch repository, consider annotating your entities with one of these annotations: org.springframework.data.elasticsearch.annotations.Document (preferred), or consider extending one of the following types with your repository: org.springframework.data.elasticsearch.repository.ElasticsearchRepository
2025-04-25T10:40:24.863+09:00  INFO 5404 --- [portforu] [main] .s.d.r.c.RepositoryConfigurationDelegate : Finished Spring Data repository scanning in 77 ms. Found 1 Elasticsearch repository interface.
2025-04-25T10:40:24.866+09:00  INFO 5404 --- [portforu] [main] .s.d.r.c.RepositoryConfigurationDelegate : Multiple Spring Data modules found, entering strict repository configuration mode
2025-04-25T10:40:24.866+09:00  INFO 5404 --- [portforu] [main] .s.d.r.c.RepositoryConfigurationDelegate : Bootstrapping Spring Data Reactive Elasticsearch repositories in DEFAULT mode.
2025-04-25T10:40:24.870+09:00  INFO 5404 --- [portforu] [main] .RepositoryConfigurationExtensionSupport : Spring Data Reactive Elasticsearch - Could not safely identify store assignment for repository candidate interface org.pinggu.portforu.domain.auth.repository.RefreshTokenRepository; If you want this repository to be a Reactive Elasticsearch repository, consider annotating your entities with one of these annotations: org.springframework.data.elasticsearch.annotations.Document (preferred), or consider extending one of the following types with your repository: org.springframework.data.elasticsearch.repository.ReactiveElasticsearchRepository
2025-04-25T10:40:24.870+09:00  INFO 5404 --- [portforu] [main] .RepositoryConfigurationExtensionSupport : Spring Data Reactive Elasticsearch - Could not safely identify store assignment for repository candidate interface org.pinggu.portforu.domain.comment.repository.CommentRepository; If you want this repository to be a Reactive Elasticsearch repository, consider annotating your entities with one of these annotations: org.springframework.data.elasticsearch.annotations.Document (preferred), or consider extending one of the following types with your repository: org.springframework.data.elasticsearch.repository.ReactiveElasticsearchRepository
2025-04-25T10:40:24.875+09:00  INFO 5404 --- [portforu] [main] .RepositoryConfigurationExtensionSupport : Spring Data Reactive Elasticsearch - Could not safely identify store assignment for repository candidate interface org.pinggu.portforu.domain.jobposting.repository.JobPostingRepository; If you want this repository to be a Reactive Elasticsearch repository, consider annotating your entities with one of these annotations: org.springframework.data.elasticsearch.annotations.Document (preferred), or consider extending one of the following types with your repository: org.springframework.data.elasticsearch.repository.ReactiveElasticsearchRepository
2025-04-25T10:40:24.875+09:00  INFO 5404 --- [portforu] [main] .RepositoryConfigurationExtensionSupport : Spring Data Reactive Elasticsearch - Could not safely identify store assignment for repository candidate interface org.pinggu.portforu.domain.member.repository.MemberRepository; If you want this repository to be a Reactive Elasticsearch repository, consider annotating your entities with one of these annotations: org.springframework.data.elasticsearch.annotations.Document (preferred), or consider extending one of the following types with your repository: org.springframework.data.elasticsearch.repository.ReactiveElasticsearchRepository
2025-04-25T10:40:24.875+09:00  INFO 5404 --- [portforu] [main] .RepositoryConfigurationExtensionSupport : Spring Data Reactive Elasticsearch - Could not safely identify store assignment for repository candidate interface org.pinggu.portforu.domain.membership.repository.MembershipRepository; If you want this repository to be a Reactive Elasticsearch repository, consider annotating your entities with one of these annotations: org.springframework.data.elasticsearch.annotations.Document (preferred), or consider extending one of the following types with your repository: org.springframework.data.elasticsearch.repository.ReactiveElasticsearchRepository
2025-04-25T10:40:24.875+09:00  INFO 5404 --- [portforu] [main] .RepositoryConfigurationExtensionSupport : Spring Data Reactive Elasticsearch - Could not safely identify store assignment for repository candidate interface org.pinggu.portforu.domain.payment.repository.PaymentRepository; If you want this repository to be a Reactive Elasticsearch repository, consider annotating your entities with one of these annotations: org.springframework.data.elasticsearch.annotations.Document (preferred), or consider extending one of the following types with your repository: org.springframework.data.elasticsearch.repository.ReactiveElasticsearchRepository
2025-04-25T10:40:24.876+09:00  INFO 5404 --- [portforu] [main] .RepositoryConfigurationExtensionSupport : Spring Data Reactive Elasticsearch - Could not safely identify store assignment for repository candidate interface org.pinggu.portforu.domain.portfolio.repository.PortfolioRepository; If you want this repository to be a Reactive Elasticsearch repository, consider annotating your entities with one of these annotations: org.springframework.data.elasticsearch.annotations.Document (preferred), or consider extending one of the following types with your repository: org.springframework.data.elasticsearch.repository.ReactiveElasticsearchRepository
2025-04-25T10:40:24.876+09:00  INFO 5404 --- [portforu] [main] .RepositoryConfigurationExtensionSupport : Spring Data Reactive Elasticsearch - Could not safely identify store assignment for repository candidate interface org.pinggu.portforu.domain.portfolio.repository.UploadedFileRepository; If you want this repository to be a Reactive Elasticsearch repository, consider annotating your entities with one of these annotations: org.springframework.data.elasticsearch.annotations.Document (preferred), or consider extending one of the following types with your repository: org.springframework.data.elasticsearch.repository.ReactiveElasticsearchRepository
2025-04-25T10:40:24.876+09:00  INFO 5404 --- [portforu] [main] .RepositoryConfigurationExtensionSupport : Spring Data Reactive Elasticsearch - Could not safely identify store assignment for repository candidate interface org.pinggu.portforu.domain.scrap.repository.ScrapRepository; If you want this repository to be a Reactive Elasticsearch repository, consider annotating your entities with one of these annotations: org.springframework.data.elasticsearch.annotations.Document (preferred), or consider extending one of the following types with your repository: org.springframework.data.elasticsearch.repository.ReactiveElasticsearchRepository
2025-04-25T10:40:24.876+09:00  INFO 5404 --- [portforu] [main] .RepositoryConfigurationExtensionSupport : Spring Data Reactive Elasticsearch - Could not safely identify store assignment for repository candidate interface org.pinggu.portforu.domain.subscribe.repository.SubscribeRepository; If you want this repository to be a Reactive Elasticsearch repository, consider annotating your entities with one of these annotations: org.springframework.data.elasticsearch.annotations.Document (preferred), or consider extending one of the following types with your repository: org.springframework.data.elasticsearch.repository.ReactiveElasticsearchRepository
2025-04-25T10:40:24.876+09:00  INFO 5404 --- [portforu] [main] .s.d.r.c.RepositoryConfigurationDelegate : Finished Spring Data repository scanning in 9 ms. Found 0 Reactive Elasticsearch repository interfaces.
2025-04-25T10:40:24.880+09:00  INFO 5404 --- [portforu] [main] .s.d.r.c.RepositoryConfigurationDelegate : Multiple Spring Data modules found, entering strict repository configuration mode
2025-04-25T10:40:24.880+09:00  INFO 5404 --- [portforu] [main] .s.d.r.c.RepositoryConfigurationDelegate : Bootstrapping Spring Data JPA repositories in DEFAULT mode.
2025-04-25T10:40:24.888+09:00  INFO 5404 --- [portforu] [main] .RepositoryConfigurationExtensionSupport : Spring Data JPA - Could not safely identify store assignment for repository candidate interface org.pinggu.portforu.domain.jobposting.elastic.repository.JobPostingSearchRepository; If you want this repository to be a JPA repository, consider annotating your entities with one of these annotations: jakarta.persistence.Entity, jakarta.persistence.MappedSuperclass (preferred), or consider extending one of the following types with your repository: org.springframework.data.jpa.repository.JpaRepository
2025-04-25T10:40:24.896+09:00  INFO 5404 --- [portforu] [main] .s.d.r.c.RepositoryConfigurationDelegate : Finished Spring Data repository scanning in 13 ms. Found 10 JPA repository interfaces.
2025-04-25T10:40:24.903+09:00  INFO 5404 --- [portforu] [main] .s.d.r.c.RepositoryConfigurationDelegate : Multiple Spring Data modules found, entering strict repository configuration mode
2025-04-25T10:40:24.904+09:00  INFO 5404 --- [portforu] [main] .s.d.r.c.RepositoryConfigurationDelegate : Bootstrapping Spring Data Redis repositories in DEFAULT mode.
2025-04-25T10:40:24.911+09:00  INFO 5404 --- [portforu] [main] .RepositoryConfigurationExtensionSupport : Spring Data Redis - Could not safely identify store assignment for repository candidate interface org.pinggu.portforu.domain.auth.repository.RefreshTokenRepository; If you want this repository to be a Redis repository, consider annotating your entities with one of these annotations: org.springframework.data.redis.core.RedisHash (preferred), or consider extending one of the following types with your repository: org.springframework.data.keyvalue.repository.KeyValueRepository
2025-04-25T10:40:24.911+09:00  INFO 5404 --- [portforu] [main] .RepositoryConfigurationExtensionSupport : Spring Data Redis - Could not safely identify store assignment for repository candidate interface org.pinggu.portforu.domain.comment.repository.CommentRepository; If you want this repository to be a Redis repository, consider annotating your entities with one of these annotations: org.springframework.data.redis.core.RedisHash (preferred), or consider extending one of the following types with your repository: org.springframework.data.keyvalue.repository.KeyValueRepository
2025-04-25T10:40:24.911+09:00  INFO 5404 --- [portforu] [main] .RepositoryConfigurationExtensionSupport : Spring Data Redis - Could not safely identify store assignment for repository candidate interface org.pinggu.portforu.domain.jobposting.elastic.repository.JobPostingSearchRepository; If you want this repository to be a Redis repository, consider annotating your entities with one of these annotations: org.springframework.data.redis.core.RedisHash (preferred), or consider extending one of the following types with your repository: org.springframework.data.keyvalue.repository.KeyValueRepository
2025-04-25T10:40:24.911+09:00  INFO 5404 --- [portforu] [main] .RepositoryConfigurationExtensionSupport : Spring Data Redis - Could not safely identify store assignment for repository candidate interface org.pinggu.portforu.domain.jobposting.repository.JobPostingRepository; If you want this repository to be a Redis repository, consider annotating your entities with one of these annotations: org.springframework.data.redis.core.RedisHash (preferred), or consider extending one of the following types with your repository: org.springframework.data.keyvalue.repository.KeyValueRepository
2025-04-25T10:40:24.911+09:00  INFO 5404 --- [portforu] [main] .RepositoryConfigurationExtensionSupport : Spring Data Redis - Could not safely identify store assignment for repository candidate interface org.pinggu.portforu.domain.member.repository.MemberRepository; If you want this repository to be a Redis repository, consider annotating your entities with one of these annotations: org.springframework.data.redis.core.RedisHash (preferred), or consider extending one of the following types with your repository: org.springframework.data.keyvalue.repository.KeyValueRepository
2025-04-25T10:40:24.911+09:00  INFO 5404 --- [portforu] [main] .RepositoryConfigurationExtensionSupport : Spring Data Redis - Could not safely identify store assignment for repository candidate interface org.pinggu.portforu.domain.membership.repository.MembershipRepository; If you want this repository to be a Redis repository, consider annotating your entities with one of these annotations: org.springframework.data.redis.core.RedisHash (preferred), or consider extending one of the following types with your repository: org.springframework.data.keyvalue.repository.KeyValueRepository
2025-04-25T10:40:24.912+09:00  INFO 5404 --- [portforu] [main] .RepositoryConfigurationExtensionSupport : Spring Data Redis - Could not safely identify store assignment for repository candidate interface org.pinggu.portforu.domain.payment.repository.PaymentRepository; If you want this repository to be a Redis repository, consider annotating your entities with one of these annotations: org.springframework.data.redis.core.RedisHash (preferred), or consider extending one of the following types with your repository: org.springframework.data.keyvalue.repository.KeyValueRepository
2025-04-25T10:40:24.912+09:00  INFO 5404 --- [portforu] [main] .RepositoryConfigurationExtensionSupport : Spring Data Redis - Could not safely identify store assignment for repository candidate interface org.pinggu.portforu.domain.portfolio.repository.PortfolioRepository; If you want this repository to be a Redis repository, consider annotating your entities with one of these annotations: org.springframework.data.redis.core.RedisHash (preferred), or consider extending one of the following types with your repository: org.springframework.data.keyvalue.repository.KeyValueRepository
2025-04-25T10:40:24.912+09:00  INFO 5404 --- [portforu] [main] .RepositoryConfigurationExtensionSupport : Spring Data Redis - Could not safely identify store assignment for repository candidate interface org.pinggu.portforu.domain.portfolio.repository.UploadedFileRepository; If you want this repository to be a Redis repository, consider annotating your entities with one of these annotations: org.springframework.data.redis.core.RedisHash (preferred), or consider extending one of the following types with your repository: org.springframework.data.keyvalue.repository.KeyValueRepository
2025-04-25T10:40:24.912+09:00  INFO 5404 --- [portforu] [main] .RepositoryConfigurationExtensionSupport : Spring Data Redis - Could not safely identify store assignment for repository candidate interface org.pinggu.portforu.domain.scrap.repository.ScrapRepository; If you want this repository to be a Redis repository, consider annotating your entities with one of these annotations: org.springframework.data.redis.core.RedisHash (preferred), or consider extending one of the following types with your repository: org.springframework.data.keyvalue.repository.KeyValueRepository
2025-04-25T10:40:24.912+09:00  INFO 5404 --- [portforu] [main] .RepositoryConfigurationExtensionSupport : Spring Data Redis - Could not safely identify store assignment for repository candidate interface org.pinggu.portforu.domain.subscribe.repository.SubscribeRepository; If you want this repository to be a Redis repository, consider annotating your entities with one of these annotations: org.springframework.data.redis.core.RedisHash (preferred), or consider extending one of the following types with your repository: org.springframework.data.keyvalue.repository.KeyValueRepository
2025-04-25T10:40:24.912+09:00  INFO 5404 --- [portforu] [main] .s.d.r.c.RepositoryConfigurationDelegate : Finished Spring Data repository scanning in 4 ms. Found 0 Redis repository interfaces.
2025-04-25T10:40:25.282+09:00  INFO 5404 --- [portforu] [main] o.s.b.w.embedded.tomcat.TomcatWebServer  : Tomcat initialized with port 8080 (http)
2025-04-25T10:40:25.289+09:00  INFO 5404 --- [portforu] [main] o.apache.catalina.core.StandardService   : Starting service [Tomcat]
2025-04-25T10:40:25.289+09:00  INFO 5404 --- [portforu] [main] o.apache.catalina.core.StandardEngine    : Starting Servlet engine: [Apache Tomcat/10.1.39]
2025-04-25T10:40:25.310+09:00  INFO 5404 --- [portforu] [main] o.a.c.c.C.[Tomcat].[localhost].[/]       : Initializing Spring embedded WebApplicationContext
2025-04-25T10:40:25.311+09:00  INFO 5404 --- [portforu] [main] w.s.c.ServletWebServerApplicationContext : Root WebApplicationContext: initialization completed in 938 ms
2025-04-25T10:40:25.396+09:00  INFO 5404 --- [portforu] [main] o.hibernate.jpa.internal.util.LogHelper  : HHH000204: Processing PersistenceUnitInfo [name: default]
2025-04-25T10:40:25.428+09:00  INFO 5404 --- [portforu] [main] org.hibernate.Version                    : HHH000412: Hibernate ORM core version 6.6.11.Final
2025-04-25T10:40:25.444+09:00  INFO 5404 --- [portforu] [main] o.h.c.internal.RegionFactoryInitiator    : HHH000026: Second-level cache disabled
2025-04-25T10:40:25.587+09:00  INFO 5404 --- [portforu] [main] o.s.o.j.p.SpringPersistenceUnitInfo      : No LoadTimeWeaver setup: ignoring JPA class transformer
2025-04-25T10:40:25.602+09:00  INFO 5404 --- [portforu] [main] com.zaxxer.hikari.HikariDataSource       : HikariPool-1 - Starting...
2025-04-25T10:40:25.723+09:00  INFO 5404 --- [portforu] [main] com.zaxxer.hikari.pool.HikariPool        : HikariPool-1 - Added connection com.mysql.cj.jdbc.ConnectionImpl@691eb389
2025-04-25T10:40:25.724+09:00  INFO 5404 --- [portforu] [main] com.zaxxer.hikari.HikariDataSource       : HikariPool-1 - Start completed.
2025-04-25T10:40:25.768+09:00  INFO 5404 --- [portforu] [main] org.hibernate.orm.connections.pooling    : HHH10001005: Database info:
	Database JDBC URL [Connecting through datasource 'HikariDataSource (HikariPool-1)']
	Database driver: undefined/unknown
	Database version: 9.2
	Autocommit mode: undefined/unknown
	Isolation level: undefined/unknown
	Minimum pool size: undefined/unknown
	Maximum pool size: undefined/unknown
2025-04-25T10:40:26.269+09:00  INFO 5404 --- [portforu] [main] o.h.e.t.j.p.i.JtaPlatformInitiator       : HHH000489: No JTA platform available (set 'hibernate.transaction.jta.platform' to enable JTA platform integration)
2025-04-25T10:40:26.364+09:00  INFO 5404 --- [portforu] [main] j.LocalContainerEntityManagerFactoryBean : Initialized JPA EntityManagerFactory for persistence unit 'default'
2025-04-25T10:40:26.582+09:00  INFO 5404 --- [portforu] [main] o.s.d.j.r.query.QueryEnhancerFactory     : Hibernate is in classpath; If applicable, HQL parser will be used.
2025-04-25T10:40:27.250+09:00  WARN 5404 --- [portforu] [main] com.amazonaws.util.VersionInfoUtils      : The AWS SDK for Java 1.x entered maintenance mode starting July 31, 2024 and will reach end of support on December 31, 2025. For more information, see https://aws.amazon.com/blogs/developer/the-aws-sdk-for-java-1-x-is-in-maintenance-mode-effective-july-31-2024/
You can print where on the file system the AWS SDK for Java 1.x core runtime is located by setting the AWS_JAVA_V1_PRINT_LOCATION environment variable or aws.java.v1.printLocation system property to 'true'.
This message can be disabled by setting the AWS_JAVA_V1_DISABLE_DEPRECATION_ANNOUNCEMENT environment variable or aws.java.v1.disableDeprecationAnnouncement system property to 'true'.
The AWS SDK for Java 1.x is being used here:
at java.base/java.lang.Thread.getStackTrace(Thread.java:1619)
at com.amazonaws.util.VersionInfoUtils.printDeprecationAnnouncement(VersionInfoUtils.java:81)
at com.amazonaws.util.VersionInfoUtils.<clinit>(VersionInfoUtils.java:59)
at com.amazonaws.internal.EC2ResourceFetcher.<clinit>(EC2ResourceFetcher.java:44)
at com.amazonaws.auth.InstanceMetadataServiceCredentialsFetcher.<init>(InstanceMetadataServiceCredentialsFetcher.java:38)
at com.amazonaws.auth.InstanceProfileCredentialsProvider.<init>(InstanceProfileCredentialsProvider.java:111)
at com.amazonaws.auth.InstanceProfileCredentialsProvider.<init>(InstanceProfileCredentialsProvider.java:91)
at com.amazonaws.auth.InstanceProfileCredentialsProvider.<init>(InstanceProfileCredentialsProvider.java:75)
at com.amazonaws.auth.InstanceProfileCredentialsProvider.<clinit>(InstanceProfileCredentialsProvider.java:58)
at com.amazonaws.auth.EC2ContainerCredentialsProviderWrapper.initializeProvider(EC2ContainerCredentialsProviderWrapper.java:66)
at com.amazonaws.auth.EC2ContainerCredentialsProviderWrapper.<init>(EC2ContainerCredentialsProviderWrapper.java:55)
at com.amazonaws.auth.DefaultAWSCredentialsProviderChain.<init>(DefaultAWSCredentialsProviderChain.java:60)
at com.amazonaws.auth.DefaultAWSCredentialsProviderChain.<clinit>(DefaultAWSCredentialsProviderChain.java:54)
at com.amazonaws.services.s3.AmazonS3ClientBuilder.standard(AmazonS3ClientBuilder.java:46)
at org.pinggu.portforu.config.S3Config.amazonS3(S3Config.java:26)
at org.pinggu.portforu.config.S3Config$$SpringCGLIB$$0.CGLIB$amazonS3$0(<generated>)
at org.pinggu.portforu.config.S3Config$$SpringCGLIB$$FastClass$$1.invoke(<generated>)
at org.springframework.cglib.proxy.MethodProxy.invokeSuper(MethodProxy.java:258)
at org.springframework.context.annotation.ConfigurationClassEnhancer$BeanMethodInterceptor.intercept(ConfigurationClassEnhancer.java:370)
at org.pinggu.portforu.config.S3Config$$SpringCGLIB$$0.amazonS3(<generated>)
at java.base/jdk.internal.reflect.NativeMethodAccessorImpl.invoke0(Native Method)
at java.base/jdk.internal.reflect.NativeMethodAccessorImpl.invoke(NativeMethodAccessorImpl.java:77)
at java.base/jdk.internal.reflect.DelegatingMethodAccessorImpl.invoke(DelegatingMethodAccessorImpl.java:43)
at java.base/java.lang.reflect.Method.invoke(Method.java:569)
at org.springframework.beans.factory.support.SimpleInstantiationStrategy.lambda$instantiate$0(SimpleInstantiationStrategy.java:171)
at org.springframework.beans.factory.support.SimpleInstantiationStrategy.instantiateWithFactoryMethod(SimpleInstantiationStrategy.java:88)
at org.springframework.beans.factory.support.SimpleInstantiationStrategy.instantiate(SimpleInstantiationStrategy.java:168)
at org.springframework.beans.factory.support.ConstructorResolver.instantiate(ConstructorResolver.java:653)
at org.springframework.beans.factory.support.ConstructorResolver.instantiateUsingFactoryMethod(ConstructorResolver.java:489)
at org.springframework.beans.factory.support.AbstractAutowireCapableBeanFactory.instantiateUsingFactoryMethod(AbstractAutowireCapableBeanFactory.java:1361)
at org.springframework.beans.factory.support.AbstractAutowireCapableBeanFactory.createBeanInstance(AbstractAutowireCapableBeanFactory.java:1191)
at org.springframework.beans.factory.support.AbstractAutowireCapableBeanFactory.doCreateBean(AbstractAutowireCapableBeanFactory.java:563)
at org.springframework.beans.factory.support.AbstractAutowireCapableBeanFactory.createBean(AbstractAutowireCapableBeanFactory.java:523)
at org.springframework.beans.factory.support.AbstractBeanFactory.lambda$doGetBean$0(AbstractBeanFactory.java:339)
at org.springframework.beans.factory.support.DefaultSingletonBeanRegistry.getSingleton(DefaultSingletonBeanRegistry.java:347)
at org.springframework.beans.factory.support.AbstractBeanFactory.doGetBean(AbstractBeanFactory.java:337)
at org.springframework.beans.factory.support.AbstractBeanFactory.getBean(AbstractBeanFactory.java:202)
at org.springframework.beans.factory.support.DefaultListableBeanFactory.doResolveDependency(DefaultListableBeanFactory.java:1609)
at org.springframework.beans.factory.support.DefaultListableBeanFactory.resolveDependency(DefaultListableBeanFactory.java:1555)
at org.springframework.beans.factory.support.ConstructorResolver.resolveAutowiredArgument(ConstructorResolver.java:913)
at org.springframework.beans.factory.support.ConstructorResolver.createArgumentArray(ConstructorResolver.java:791)
at org.springframework.beans.factory.support.ConstructorResolver.autowireConstructor(ConstructorResolver.java:240)
at org.springframework.beans.factory.support.AbstractAutowireCapableBeanFactory.autowireConstructor(AbstractAutowireCapableBeanFactory.java:1381)
at org.springframework.beans.factory.support.AbstractAutowireCapableBeanFactory.createBeanInstance(AbstractAutowireCapableBeanFactory.java:1218)
at org.springframework.beans.factory.support.AbstractAutowireCapableBeanFactory.doCreateBean(AbstractAutowireCapableBeanFactory.java:563)
at org.springframework.beans.factory.support.AbstractAutowireCapableBeanFactory.createBean(AbstractAutowireCapableBeanFactory.java:523)
at org.springframework.beans.factory.support.AbstractBeanFactory.lambda$doGetBean$0(AbstractBeanFactory.java:339)
at org.springframework.beans.factory.support.DefaultSingletonBeanRegistry.getSingleton(DefaultSingletonBeanRegistry.java:347)
at org.springframework.beans.factory.support.AbstractBeanFactory.doGetBean(AbstractBeanFactory.java:337)
at org.springframework.beans.factory.support.AbstractBeanFactory.getBean(AbstractBeanFactory.java:202)
at org.springframework.beans.factory.support.DefaultListableBeanFactory.doResolveDependency(DefaultListableBeanFactory.java:1609)
at org.springframework.beans.factory.support.DefaultListableBeanFactory.resolveDependency(DefaultListableBeanFactory.java:1555)
at org.springframework.beans.factory.support.ConstructorResolver.resolveAutowiredArgument(ConstructorResolver.java:913)
at org.springframework.beans.factory.support.ConstructorResolver.createArgumentArray(ConstructorResolver.java:791)
at org.springframework.beans.factory.support.ConstructorResolver.autowireConstructor(ConstructorResolver.java:240)
at org.springframework.beans.factory.support.AbstractAutowireCapableBeanFactory.autowireConstructor(AbstractAutowireCapableBeanFactory.java:1381)
at org.springframework.beans.factory.support.AbstractAutowireCapableBeanFactory.createBeanInstance(AbstractAutowireCapableBeanFactory.java:1218)
at org.springframework.beans.factory.support.AbstractAutowireCapableBeanFactory.doCreateBean(AbstractAutowireCapableBeanFactory.java:563)
at org.springframework.beans.factory.support.AbstractAutowireCapableBeanFactory.createBean(AbstractAutowireCapableBeanFactory.java:523)
at org.springframework.beans.factory.support.AbstractBeanFactory.lambda$doGetBean$0(AbstractBeanFactory.java:339)
at org.springframework.beans.factory.support.DefaultSingletonBeanRegistry.getSingleton(DefaultSingletonBeanRegistry.java:347)
at org.springframework.beans.factory.support.AbstractBeanFactory.doGetBean(AbstractBeanFactory.java:337)
at org.springframework.beans.factory.support.AbstractBeanFactory.getBean(AbstractBeanFactory.java:202)
at org.springframework.beans.factory.support.DefaultListableBeanFactory.doResolveDependency(DefaultListableBeanFactory.java:1609)
at org.springframework.beans.factory.support.DefaultListableBeanFactory.resolveDependency(DefaultListableBeanFactory.java:1555)
at org.springframework.beans.factory.support.ConstructorResolver.resolveAutowiredArgument(ConstructorResolver.java:913)
at org.springframework.beans.factory.support.ConstructorResolver.createArgumentArray(ConstructorResolver.java:791)
at org.springframework.beans.factory.support.ConstructorResolver.autowireConstructor(ConstructorResolver.java:240)
at org.springframework.beans.factory.support.AbstractAutowireCapableBeanFactory.autowireConstructor(AbstractAutowireCapableBeanFactory.java:1381)
at org.springframework.beans.factory.support.AbstractAutowireCapableBeanFactory.createBeanInstance(AbstractAutowireCapableBeanFactory.java:1218)
at org.springframework.beans.factory.support.AbstractAutowireCapableBeanFactory.doCreateBean(AbstractAutowireCapableBeanFactory.java:563)
at org.springframework.beans.factory.support.AbstractAutowireCapableBeanFactory.createBean(AbstractAutowireCapableBeanFactory.java:523)
at org.springframework.beans.factory.support.AbstractBeanFactory.lambda$doGetBean$0(AbstractBeanFactory.java:339)
at org.springframework.beans.factory.support.DefaultSingletonBeanRegistry.getSingleton(DefaultSingletonBeanRegistry.java:347)
at org.springframework.beans.factory.support.AbstractBeanFactory.doGetBean(AbstractBeanFactory.java:337)
at org.springframework.beans.factory.support.AbstractBeanFactory.getBean(AbstractBeanFactory.java:202)
at org.springframework.beans.factory.support.DefaultListableBeanFactory.instantiateSingleton(DefaultListableBeanFactory.java:1155)
at org.springframework.beans.factory.support.DefaultListableBeanFactory.preInstantiateSingleton(DefaultListableBeanFactory.java:1121)
at org.springframework.beans.factory.support.DefaultListableBeanFactory.preInstantiateSingletons(DefaultListableBeanFactory.java:1056)
at org.springframework.context.support.AbstractApplicationContext.finishBeanFactoryInitialization(AbstractApplicationContext.java:987)
at org.springframework.context.support.AbstractApplicationContext.refresh(AbstractApplicationContext.java:627)
at org.springframework.boot.web.servlet.context.ServletWebServerApplicationContext.refresh(ServletWebServerApplicationContext.java:146)
at org.springframework.boot.SpringApplication.refresh(SpringApplication.java:752)
at org.springframework.boot.SpringApplication.refreshContext(SpringApplication.java:439)
at org.springframework.boot.SpringApplication.run(SpringApplication.java:318)
at org.springframework.boot.SpringApplication.run(SpringApplication.java:1361)
at org.springframework.boot.SpringApplication.run(SpringApplication.java:1350)
at org.pinggu.portforu.PortforuApplication.main(PortforuApplication.java:12)
2025-04-25T10:40:27.410+09:00  WARN 5404 --- [portforu] [main] JpaBaseConfiguration$JpaWebConfiguration : spring.jpa.open-in-view is enabled by default. Therefore, database queries may be performed during view rendering. Explicitly configure spring.jpa.open-in-view to disable this warning
2025-04-25T10:40:27.448+09:00 DEBUG 5404 --- [portforu] [main] swordEncoderAuthenticationManagerBuilder : No authenticationProviders and no parentAuthenticationManager defined. Returning null.
2025-04-25T10:40:27.615+09:00 DEBUG 5404 --- [portforu] [main] o.s.s.web.DefaultSecurityFilterChain     : Will secure any request with filters: DisableEncodeUrlFilter, WebAsyncManagerIntegrationFilter, SecurityContextHolderFilter, HeaderWriterFilter, OAuth2AuthorizationRequestRedirectFilter, OAuth2LoginAuthenticationFilter, DefaultResourcesFilter, DefaultLoginPageGeneratingFilter, RequestCacheAwareFilter, JwtAuthenticationFilter, SecurityContextHolderAwareRequestFilter, AnonymousAuthenticationFilter, SessionManagementFilter, ExceptionTranslationFilter, AuthorizationFilter
2025-04-25T10:40:27.946+09:00  INFO 5404 --- [portforu] [main] o.s.b.w.embedded.tomcat.TomcatWebServer  : Tomcat started on port 8080 (http) with context path '/'
2025-04-25T10:40:27.954+09:00  INFO 5404 --- [portforu] [main] o.pinggu.portforu.PortforuApplication    : Started PortforuApplication in 3.824 seconds (process running for 4.103)
2025-04-25T11:00:00.037+09:00 DEBUG 5404 --- [portforu] [scheduling-1] org.hibernate.SQL                        : 
    update
        subscribes s1_0 
    set
        status=? 
    where
        s1_0.status=? 
        and s1_0.end_date<? 
        and s1_0.is_deleted=0 
        and (
            s1_0.is_deleted = 0
        )
2025-04-25T11:00:00.041+09:00 DEBUG 5404 --- [portforu] [scheduling-2] org.hibernate.SQL                        : 
    select
        uf1_0.id,
        uf1_0.created_at,
        uf1_0.file_url,
        uf1_0.used 
    from
        uploaded_file uf1_0 
    where
        uf1_0.used=0 
        and uf1_0.created_at<?
2025-04-25T11:00:00.045+09:00  INFO 5404 --- [portforu] [scheduling-1] o.p.p.d.s.scheduler.SubscribeScheduler   : 만료된 구독 처리 완료 (벌크 업데이트): count=0
2025-04-25T11:05:00.581+09:00  WARN 5404 --- [portforu] [HikariPool-1 housekeeper] com.zaxxer.hikari.pool.HikariPool        : HikariPool-1 - Thread starvation or clock leap detected (housekeeper delta=4m34s618ms).
